date,fit,se.fit,ucl,lcl
1979-11-01,3.6742859257276315e-5,0.123284977850859,4.6785927227739434e-5,2.8855636435897683e-5
1979-12-01,1.9450423709077144e-5,0.2175085126721374,2.979038049424453e-5,1.269936725164424e-5
1980-01-01,4.056850074541348e-5,0.13000616863287842,5.234225669793462e-5,3.144310842821487e-5
1980-02-01,2.833159664935055e-5,0.103878047469813,3.472912403361009e-5,2.311257168262222e-5
1980-03-01,1.6468067438146744e-5,0.09869605911854298,1.9982711503013214e-5,1.357159388036278e-5
1980-04-01,1.8776535105127015e-5,0.09758495412969685,2.273429250646519e-5,1.550777401380784e-5
1980-05-01,2.4863974327099994e-5,0.18705315716683343,3.587512397054338e-5,1.7232476181721296e-5
1980-06-01,4.870096321998954e-5,0.098258211920889793,5.904411662545908e-5,4.0169689278272494e-5
1980-07-01,1.366011670393967e-4,0.11281784412205488,1.7040679068852237e-4,1.0950196738715987e-4
1980-08-01,2.3243015659443593e-4,0.10299564465290416,2.844226231405503e-4,1.899419149503365e-4
1980-09-01,1.5988199500415427e-4,0.12409796080646938,2.039078171661161e-4,1.2536180653478231e-4
1980-10-01,1.077735720959641e-4,0.12187827676201407,1.3685389461163516e-4,8.487257798022845e-5
1980-11-01,4.7743435630941964e-5,0.10376657760307181,5.8511544455064864e-5,3.8957024072342474e-5
1980-12-01,3.655950500223696e-5,0.10766357298955355,4.514871461426353e-5,2.9604329102789718e-5
1981-01-01,5.28255735970716e-5,0.10013817286646987,6.428113775525274e-5,4.341150955486314e-5
1981-02-01,3.0535857423342855e-5,0.0986243825452391,3.704766904831757e-5,2.516861688012373e-5
1981-03-01,1.706151999762079e-5,0.09782581692606387,2.066753757952582e-5,1.4084670876204727e-5
1981-04-01,1.9612947711025533e-5,0.10291950571610645,2.399660055665512e-5,1.6030092137727377e-5
1981-05-01,2.479561430351775e-5,0.12037289383296759,3.1393399595238696e-5,1.958445076404091e-5
1981-06-01,4.891086684711625e-5,0.09948760392371817,5.944165845772546e-5,4.024572930510855e-5
1981-07-01,1.3869588222222752e-4,0.09959954966502395,1.685948932304848e-4,1.1409923145835664e-4
1981-08-01,2.3101699689033475e-4,0.09767888273821433,2.797627430150843e-4,1.9076468966902927e-4
1981-09-01,1.496649781393725e-4,0.09793319454586778,1.8133540421045083e-4,1.2352582651462113e-4
1981-10-01,7.74773225451319e-5,0.1124093161883199,9.657380560601477e-5,6.215697384082941e-5
1981-11-01,3.691989618483275e-5,0.12258478553206058,4.694688129603557e-5,2.903448954795497e-5
1981-12-01,4.9571280112673145e-5,0.1577958480783698,6.75380740107616e-5,3.638409664476888e-5
1982-01-01,5.462978983013167e-5,0.10182259837973452,6.669644332745272e-5,4.474622315663947e-5
1982-02-01,2.9914642855947855e-5,0.09959558448351014,3.6363133073335524e-5,2.460970168313458e-5
1982-03-01,1.699015820328284e-5,0.09785442845140298,2.058224738774511e-5,1.4024973577202926e-5
1982-04-01,1.9016801220332646e-5,0.09767973154858485,2.3029480061769948e-5,1.5703295414557923e-5
1982-05-01,2.4728946130742756e-5,0.09913272124554816,3.0032333939977023e-5,2.03620796824972e-5
1982-06-01,4.98539846535085e-5,0.11426985139286429,6.236893624344996e-5,3.985028341882746e-5
1982-07-01,1.4662274099034423e-4,0.15890028465708916,2.001981163643504e-4,1.0738476747901007e-4
1982-08-01,2.3722384075977132e-4,0.15819147946598838,3.234548286404408e-4,1.739814825499915e-4
1982-09-01,1.437962285392758e-4,0.1149511390160778,1.8013407780261999e-4,1.1478869292448164e-4
1982-10-01,8.950858890395017e-5,0.0996439770638298,1.0881364945783844e-4,7.36285156089783e-5
1982-11-01,6.113951164515735e-5,0.12584933938812526,7.824328680780087e-5,4.7774576410504885e-5
1982-12-01,3.547862539792614e-5,0.10656435500328987,4.3719601545462374e-5,2.8791041446648616e-5
1983-01-01,4.796039633015568e-5,0.10284863913659201,5.867178380983953e-5,3.920452842546533e-5
1983-02-01,3.1875933666795837e-5,0.09781070855186404,3.861189089546936e-5,2.6315083865763023e-5
1983-03-01,1.924183778140192e-5,0.10528638262989647,2.3652013989117393e-5,1.5653987071720093e-5
1983-04-01,1.7261665029201534e-5,0.12447104688943944,2.2031018681948783e-5,1.3524798098623476e-5
1983-05-01,2.4829659082936935e-5,0.1507220745975458,3.336322133372376e-5,1.8478790282510827e-5
1983-06-01,5.1276367863591485e-5,0.1545844017600554,6.942280445989957e-5,3.787323087474938e-5
1983-07-01,1.437043724723691e-4,0.12274690436181294,1.8279076772424965e-4,1.1297587358914388e-4
1983-08-01,2.360801265734436e-4,0.1417825161048595,3.117074221557266e-4,1.7880172944707417e-4
1983-09-01,1.5084344616710771e-4,0.09753159019282297,1.8261944195537984e-4,1.245965106887614e-4
1983-10-01,1.0296046458935344e-4,0.11298233152051071,1.2848220925675452e-4,8.250836695430031e-5
1983-11-01,6.972066873815887e-5,0.14894879962297813,9.335752334683272e-5,5.206834409303126e-5
1983-12-01,4.9203205839292764e-5,0.15600138437206637,6.680123003561982e-5,3.624118094192141e-5
1984-01-01,5.3241402596617015e-5,0.10041188868273307,6.482190846336993e-5,4.372976695150654e-5
1984-02-01,3.0068614108936555e-5,0.09931846992486691,3.653044812925166e-5,2.4749807372556306e-5
1984-03-01,1.4878547259228515e-5,0.10856968803189299,1.8406741488431578e-5,1.2026635387052376e-5
1984-04-01,1.949180545756679e-5,0.10132677306405104,2.377404928233838e-5,1.5980890570369893e-5
1984-05-01,2.4733920336942817e-5,0.09823403004957128,2.9985510852795323e-5,2.040208079954066e-5
1984-06-01,4.9884624597847156e-5,0.11495923861747807,6.249164942876169e-5,3.9820932780865604e-5
1984-07-01,1.3724205671035244e-4,0.10744117056731868,1.694115392777929e-4,1.1118122301694126e-4
1984-08-01,2.3344171320313617e-4,0.11079794746190333,2.9006249527653273e-4,1.8787342159234388e-4
1984-09-01,1.4731357470157226e-4,0.10188601080102198,1.7987462082720204e-4,1.2064675489825343e-4
1984-10-01,8.055495863913666e-5,0.10649949246917845,9.925364781879596e-5,6.537897098955953e-5
1984-11-01,2.773111746009464e-5,0.17662388515862415,3.920240008586643e-5,1.961652536327278e-5
1984-12-01,2.836228554757463e-5,0.12527273823670254,3.625563639221559e-5,2.2187425777881993e-5
1985-01-01,4.764474199037779e-5,0.10343250484159124,5.835237070897862e-5,3.890195739691486e-5
1985-02-01,2.865829142692856e-5,0.10277730728083212,3.505388074622101e-5,2.342957898033322e-5
1985-03-01,1.3218665265331174e-5,0.13070517265175768,1.7078357257570357e-5,1.0231259878312864e-5
1985-04-01,1.4753169458429574e-5,0.23444243210795293,2.33585972089912e-5,9.318025698279474e-6
1985-05-01,2.4776625140061595e-5,0.10777120822313346,3.060404660315254e-5,2.005882298153003e-5
1985-06-01,4.878536100043252e-5,0.09865009922622757,5.919188666027758e-5,4.0208406628466154e-5
1985-07-01,1.4137271631376865e-4,0.10324844078973336,1.7308221708279165e-4,1.1547254972111403e-4
1985-08-01,2.3029326940418048e-4,0.09784018955416691,2.789744924093261e-4,1.901069501904522e-4
1985-09-01,1.4537932584719542e-4,0.10810427716278581,1.7968956985308537e-4,1.1762034046308404e-4
1985-10-01,7.62602536048853e-5,0.11524191884803393,9.558596894189559e-5,6.084184053641389e-5
1985-11-01,5.29653095586837e-5,0.10863118190280327,6.55330292662815e-5,4.280778789041277e-5
1985-12-01,3.932345769399229e-5,0.11387404848413245,4.9156759431799085e-5,3.1457206351379025e-5
1986-01-01,5.85410624221286e-5,0.1092319550273467,7.251714825919158e-5,4.725855982729128e-5
1986-02-01,2.7526110654263852e-5,0.10708056145449979,3.3954212742928106e-5,2.2314956128929445e-5
1986-03-01,1.5390399520382218e-5,0.10415898247375355,1.8876080016235608e-5,1.2548389135522337e-5
1986-04-01,1.6841442467177806e-5,0.13873431782570575,2.2104073775735697e-5,1.2831760663349475e-5
1986-05-01,2.476428239332707e-5,0.10200879511201165,3.0245264518894906e-5,2.0276552121847885e-5
1986-06-01,4.957601304529914e-5,0.1085402968359285,6.132858764509763e-5,4.007561830203237e-5
1986-07-01,1.4387144363447817e-4,0.12454785284615505,1.8365039808192695e-4,1.1270867098384916e-4
1986-08-01,2.321601854760888e-4,0.10143892911887542,2.8322677139776243e-4,1.9030104906501706e-4
1986-09-01,1.3969153142499223e-4,0.13856186923122993,1.8328052606064255e-4,1.0646916162496734e-4
1986-10-01,7.887980623636914e-5,0.10949124654000024,9.776123194516365e-5,6.36451045888743e-5
1986-11-01,2.9363420964184874e-5,0.16432322182847575,4.052111635011689e-5,2.1278053725621125e-5
1986-12-01,2.1926382212828905e-5,0.1842814912203446,3.1465204046735e-5,1.5279298244148735e-5
1987-01-01,4.0211165550804766e-5,0.13200511101365947,5.208488151873719e-5,3.1044283634830686e-5
1987-02-01,2.180938388107678e-5,0.1494441310499338,2.923161494867085e-5,1.627173955689366e-5
1987-03-01,1.378175203315316e-5,0.1218946351616978,1.7501015111350753e-5,1.0852895554620298e-5
1987-04-01,1.5937307139783865e-5,0.17591874425129547,2.2498833435267178e-5,1.1289374606847898e-5
1987-05-01,2.4839477186127405e-5,0.16068923947610347,3.403485406026406e-5,1.8128464008914184e-5
1987-06-01,4.8209531014318385e-5,0.0988091107481554,5.851145795052765e-5,3.972143169950814e-5
1987-07-01,1.352385696797747e-4,0.127368466943224,1.7358763918327914e-4,1.0536159610835363e-4
1987-08-01,2.3348200197379772e-4,0.11116691953025651,2.903224370060508e-4,1.8777000430234169e-4
1987-09-01,1.4459840748917293e-4,0.11129849306138982,1.7984679379013757e-4,1.1625839420191818e-4
1987-10-01,7.929777094493697e-5,0.10869417373237146,9.812582656092177e-5,6.408237970797298e-5
1987-11-01,3.281769551178347e-5,0.1422092664305488,4.3366967310496884e-5,2.4834596594985944e-5
1987-12-01,2.6880586871524637e-5,0.13538613589008153,3.504949392716953e-5,2.0615588688927312e-5
1988-01-01,4.041200689256476e-5,0.13087423769586887,5.2229133227285084e-5,3.126856986076758e-5
1988-02-01,2.4935714635930403e-5,0.12207796003195551,3.1676462595087486e-5,1.962939714426899e-5
1988-03-01,1.3673603529011543e-5,0.12348584032032298,1.741791843717047e-5,1.0734200768192921e-5
1988-04-01,1.8074477673703174e-5,0.10447917797893055,2.2181975811939688e-5,1.4727576386651356e-5
1988-05-01,2.4824766977473246e-5,0.14591983573268918,3.30441551292444e-5,1.8649865704704978e-5
1988-06-01,4.878202442807123e-5,0.09863196474231678,5.918573464465618e-5,4.020708573760683e-5
1988-07-01,1.3707717159477579e-4,0.1087224506825246,1.696334727651397e-4,1.1076912278061343e-4
1988-08-01,2.289238478709053e-4,0.10353688055076825,2.804293136846609e-4,1.8687820982563687e-4
1988-09-01,1.6205875766113395e-4,0.13565183474553674,2.1141786273319528e-4,1.2422337732083464e-4
1988-10-01,1.333449858513723e-4,0.17928602355851012,1.8949075834044033e-4,9.383510524432768e-5
1988-11-01,4.2308649845296134e-5,0.10751614641838203,5.223345553346552e-5,3.426964257773497e-5
1988-12-01,4.597792687434405e-5,0.14057393869237472,6.0563133544737744e-5,3.490522428303595e-5
1989-01-01,6.926562419464089e-5,0.14348700537752787,9.176062373861953e-5,5.2285245016855626e-5
1989-02-01,5.636686026480983e-5,0.19622809162747926,8.280500127520034e-5,3.836994006621866e-5
1989-03-01,1.97004218762695e-5,0.10844952381297272,2.4366302123092976e-5,1.592800664386299e-5
1989-04-01,1.977410707987198e-5,0.10540447727678559,2.43119046605204e-5,1.6083285792133138e-5
1989-05-01,2.4690602213194672e-5,0.11852915474300955,3.114768228009327e-5,1.9572109159461613e-5
1989-06-01,4.990735425409666e-5,0.11547754023948015,6.258366806951007e-5,3.9798626150795365e-5
1989-07-01,1.3892423651830772e-4,0.09897929713788606,1.6866730174550483e-4,1.1442611159639938e-4
1989-08-01,2.2496391386526686e-4,0.14919261804005907,3.0137566344098395e-4,1.6792584365887104e-4
1989-09-01,1.5772887754901373e-4,0.1140593882365496,1.9724251162693093e-4,1.2613101814444214e-4
1989-10-01,8.067902416033449e-5,0.10629948600290973,9.936755087255448e-5,6.55053373290059e-5
1989-11-01,4.490962645758724e-5,0.10440464355320411,5.510746956982976e-5,3.6598932309971606e-5
1989-12-01,2.8230600057437094e-5,0.1260850939725826,3.6144806834162386e-5,2.2049274831086147e-5
1990-01-01,3.841047651773703e-5,0.14297514488204072,5.0833802270740224e-5,2.902330025328133e-5
1990-02-01,2.170681975401417e-5,0.15050955875118172,2.915496489825523e-5,1.616143341203123e-5
1990-03-01,1.4693740472103038e-5,0.11044879801398742,1.824518535359489e-5,1.183358814269203e-5
1990-04-01,1.7844668934569043e-5,0.10895354158338534,2.2092843796964143e-5,1.4413364450081812e-5
1990-05-01,2.4702718245832396e-5,0.11031007391719176,3.0664972211915e-5,1.9899717649046997e-5
1990-06-01,4.7919270084678926e-5,0.1014039973480914,5.845572070074878e-5,3.928197989728986e-5
1990-07-01,1.3596967429015805e-4,0.11908311404953478,1.7171476912644117e-4,1.0766547583893797e-4
1990-08-01,2.274229527885716e-4,0.11677919388836015,2.8591619173637563e-4,1.8089636386442066e-4
1990-09-01,1.435293593253307e-4,0.11624511588334016,1.80256355698381e-4,1.1428544035812284e-4
1990-10-01,7.152792603846238e-5,0.12880996266047587,9.207058160113024e-5,5.5568718198484124e-5
1990-11-01,4.7124921200537304e-5,0.10368059347792005,5.774379725804962e-5,3.8458818152061714e-5
1990-12-01,2.5852593674075594e-5,0.14364030614668363,3.425888446551835e-5,1.9509000660822917e-5
1991-01-01,3.452152599935218e-5,0.17160950133374606,4.8324452432352454e-5,2.4661133180809727e-5
1991-02-01,2.182202931153197e-5,0.14931350699116433,2.924107655659559e-5,1.628534306360718e-5
1991-03-01,1.4652646299902061e-5,0.11088712394178364,1.820979647056335e-5,1.1790359323186411e-5
1991-04-01,1.818559395232742e-5,0.10269008681700054,2.2240218850388008e-5,1.4870169651822377e-5
1991-05-01,2.4752225838021538e-5,0.09862954490526381,3.003097430430269e-5,2.0401358867955216e-5
1991-06-01,4.959704125545021e-5,0.10893860548091563,6.140251815363859e-5,4.0061329327567056e-5
1991-07-01,1.3970751575861267e-4,0.09819165951571701,1.6935662806144227e-4,1.1524904683601663e-4
1991-08-01,2.296417933055411e-4,0.09969926051702159,2.7920079689316404e-4,1.888796658870712e-4
1991-09-01,1.5578849682630226e-4,0.10661816789051398,1.9199530273866149e-4,1.2640963292958525e-4
1991-10-01,1.0026079911503497e-4,0.10868905331594866,1.2406496339067107e-4,8.102390525463423e-5
1991-11-01,3.4629118499373085e-5,0.132665620069895,4.4912651182988845e-05,2.670017949191617e-5
1991-12-01,4.2602171693865834e-5,0.12566847265017025,5.450080308687009e-5,3.330125301347835e-5
1992-01-01,4.257792710294705e-5,0.11989883534992166,5.385728583526289e-5,3.366081019992462e-5
1992-02-01,3.4126874159993955e-5,0.09993686950720947,4.151112388209345e-5,2.8056179428918155e-5
1992-03-01,1.7402620793361714e-5,0.09796233355759872,2.1086372715311157e-5,1.4362413799962866e-5
1992-04-01,1.8660449911381928e-5,0.0979874544731086,2.2611569880646427e-5,1.539974414572753e-5
1992-05-01,2.4723995877885223e-5,0.1004397112049195,3.0103339096280518e-5,2.030591922758539e-5
1992-06-01,5.0533253566820555e-5,0.13172765678636553,6.541933214613077e-5,3.9034481586336645e-5
1992-07-01,1.458525829633489e-4,0.14857258371481083,1.9515588900083006e-4,1.0900504240991722e-4
1992-08-01,2.330397508924001e-4,0.10734882125604853,2.8761211037707274e-4,1.8882210983672492e-4
1992-09-01,1.4277993940509063e-4,0.12007720415402492,1.8066705818097867e-4,1.1283800877578956e-4
1992-10-01,6.121308362138653e-5,0.17127945901150432,8.563282600422858e-5,4.3757070521692586e-5
1992-11-01,5.24815085825843e-5,0.1079146804991229,6.484330478389085e-5,4.2476378282744895e-5
1992-12-01,3.1893849401923425e-5,0.10990628776678411,3.956043515258478e-5,2.5713004059463912e-5
1993-01-01,4.0317775664363455e-5,0.13140247518032327,5.216132430297826e-5,3.116337739203307e-5
1993-02-01,2.628354273840862e-5,0.11338578565270839,3.282462946097674e-5,2.1045922839830773e-5
1993-03-01,1.732051763374699e-5,0.09788899378952388,2.098387355972753e-5,1.4296708862976769e-5
1993-04-01,1.888744497648499e-5,0.09747476288098732,2.2863641688031454e-5,1.56027452934801e-5
1993-05-01,2.4707908122439598e-5,0.10731883549756169,3.0492119612454034e-5,2.002093431174838e-5
1993-06-01,4.946259030158956e-5,0.10649914636889196,6.0943972545603616e-5,4.01442134004668e-5
1993-07-01,1.4036815732601453e-4,0.09913849916500611,1.70473545198676e-4,1.1557933853101915e-4
1993-08-01,2.269953484835139e-4,0.12161808336769926,2.880980776071931e-4,1.7885189884330355e-4
1993-09-01,1.480732787441893e-4,0.10015787451992705,1.801908761218798e-4,1.2168038887398495e-4
1993-10-01,8.409324190190212e-5,0.10196922712973665,1.0269730663591903e-4,6.885938458583163e-5
1993-11-01,5.1414797185238157e-5,0.10650449268087231,6.334999448217815e-5,4.172820204969154e-5
1993-12-01,3.183858244525674e-5,0.11005135624729798,3.950311371539344e-5,2.566115014190381e-5
1994-01-01,5.072255321143385e-5,0.09991259151084757,6.169478019436496e-5,4.1701703064366036e-5
1994-02-01,2.9753389168441563e-5,0.0999118517163147,3.6189545417358096e-5,2.4461875848380345e-5
1994-03-01,1.80398653674488e-5,0.0993464884639893,2.1917889357187697e-5,1.4847996409332897e-5
1994-04-01,1.905537425566792e-5,0.09780910283049145,2.3082044398136914e-5,1.5731158027444062e-5
1994-05-01,2.4690872751605363e-5,0.11832852758892166,3.113577766444708e-5,1.9580021536834618e-5
1994-06-01,4.747918101231518e-5,0.10831523260390574,5.8708773344361796e-5,3.839754267011412e-5
1994-07-01,1.3359530223816798e-4,0.14917443387453053,1.7896620479546143e-4,9.972667633258136e-5
1994-08-01,2.2214581787893177e-4,0.19540360472676688,3.258134794843264e-4,1.5146323743021656e-4
1994-09-01,1.6994039522452172e-4,0.18389916973610923,2.4368834442339203e-4,1.1851095298546592e-4
1994-10-01,1.309130216740944e-4,0.1736595665491562,1.8399450562589994e-4,9.314527727630937e-5
1994-11-01,1.0857145279066344e-4,0.24956861807367411,1.7707316322501012e-4,6.656999935160325e-5
1994-12-01,7.002204355835502e-5,0.2531074644501564,1.1499638933404113e-4,4.263687418781209e-5
1995-01-01,7.360784133720599e-5,0.15940466679946813,1.006032644453881e-4,5.385624747062241e-5
1995-02-01,4.5209977072085444e-5,0.1430262562142262,5.9838499391837316e-5,3.4157641779655154e-5
1995-03-01,2.414584818309259e-5,0.15091197735235923,3.245647376827004e-5,1.796319552898957e-5
1995-04-01,2.0418299897006137e-5,0.11875595874902695,2.5769541478379628e-5,1.617828439182208e-5
1995-05-01,2.4751670783541038e-5,0.09853197309690379,3.002455840893331e-5,2.0404803235824333e-5
1995-06-01,4.621848706472237e-5,0.14313505127260812,6.118637729111275e-5,3.491215922767473e-5
1995-07-01,1.3559097241530452e-4,0.12324740417316367,1.7263986341613846e-4,1.064928541805672e-4
1995-08-01,2.3401879930551328e-4,0.11645405674451247,2.9402106142193015e-4,1.8626148128145407e-4
1995-09-01,1.574857497606614e-4,0.11303431329289412,1.9654319529114765e-4,1.261898756705251e-4
1995-10-01,1.104027386327364e-4,0.12722926709984161,1.4167055168044483e-4,8.603597962335566e-5
1995-11-01,4.852080692012323e-5,0.10403963353110839,5.9496078114006035e-5,3.95701494755443e-5
1995-12-01,2.9304600457333065e-5,0.11995848722376941,3.707204386221254e-5,2.3164614585473585e-5
1996-01-01,4.836467962315484e-5,0.10217650285339501,5.908846531679058e-5,3.9587121149780785e-5
1996-02-01,2.98185708952879e-5,0.0997807900099693,3.6259511469086125e-5,2.4521763648012007e-5
1996-03-01,1.8034369183879076e-5,0.09932871702107458,2.1910448462175305e-5,1.4843989725811257e-5
1996-04-01,2.1436951471957557e-5,0.14692889145987595,2.8591136709877733e-5,1.607291424171671e-5
1996-05-01,2.4702889921928305e-5,0.11020569717709139,3.0658912530581043e-5,1.990392744316108e-5
1996-06-01,4.906639789108317e-5,0.1009342464272957,5.9799994132981964e-5,4.025939194328879e-5
1996-07-01,1.3166803391677836e-4,0.1787413337846771,1.869080667993144e-4,9.2754001752767e-5
1996-08-01,2.2641979918974693e-4,0.1287317369435382,2.91402361924608e-4,0.00017592831137857735
1996-09-01,1.5370845984404198e-4,0.10083954512808818,1.8729842468370034e-4,1.2614249515192823e-4
1996-10-01,1.0532847661783708e-4,0.11718906295916492,1.3252540716028109e-4,8.371291380540077e-5
1996-11-01,5.4071471239826306e-5,0.11043350454180743,6.71384148623565e-5,4.3547706749309204e-5
1996-12-01,2.703379231778485e-5,0.13424212691658785,3.5170308549269106e-5,2.0779627965371115e-5
1997-01-01,4.441831947350378e-5,0.11238807217471015,5.536416850194466e-5,3.563653457165069e-5
1997-02-01,3.266080839956795e-5,0.0980911595104162,3.9584376669016716e-5,2.694821783434152e-5
1997-03-01,1.4553254661618234e-5,0.11197792240755669,1.81249852075565e-5,1.1685373467649087e-5
1997-04-01,1.799858959558257e-5,0.10584363549913407,2.2147993923537637e-5,1.4626571984288753e-5
1997-05-01,2.4803763470901377e-5,0.1268866628331727,3.18072182706061e-5,1.9342360500885703e-5
1997-06-01,4.794679621227937e-5,0.10108787469070127,5.8453070482307264e-5,3.932890518929511e-5
1997-07-01,1.433164969974481e-4,0.1187381791342706,1.808706764994591e-4,1.1355969198070078e-4
1997-08-01,2.3041486158387623e-4,0.09767192590449146,2.7902974942950915e-4,1.902700645621629e-4
1997-09-01,1.4666703411036022e-4,0.10368220467021463,1.7971676156295385e-4,1.196951175152035e-4
1997-10-01,7.790976178329454e-5,0.1114697674601118,9.693416153336613e-5,6.261911059126814e-5
1997-11-01,2.42622045051112e-5,0.20704890014567778,3.640607344569944e-5,1.616913090959482e-5
1997-12-01,3.717988229216145e-5,0.10866451524667813,4.6005008283023895e-5,3.0047677391008597e-5
1998-01-01,6.223912145058057e-5,0.11953095735646029,7.867020079259105e-5,4.9239841768713694e-5
1998-02-01,4.646956391810553e-5,0.14910920420848398,6.224334357728295e-5,3.469319362732664e-5
1998-03-01,2.613633835020988e-5,0.1719576114314398,3.66115417250245e-5,1.8658274144454774e-5
1998-04-01,2.135011450312927e-5,0.144321021615496,2.833014140468724e-5,1.6089838126304366e-5
1998-05-01,2.463819523354184e-5,0.16740405322446048,3.420629990697654e-5,1.7746457992152343e-5
1998-06-01,4.748934047479872e-5,0.10811846073139161,5.869869282421221e-5,3.842057378492607e-5
1998-07-01,1.3856139031083044e-4,0.1000460014436676,1.6857885821532377e-4,1.1388888908208946e-4
1998-08-01,2.2333565934877714e-4,0.17509266112037955,3.147747974629296e-4,1.5845873665482117e-4
1998-09-01,1.4941940796434544e-4,0.09815076255894281,1.8111508626575935e-4,1.2327056755313687e-4
1998-10-01,1.0107649739023668e-4,0.10992275069479801,1.2537712827645915e-4,8.148582173736681e-5
1998-11-01,7.353571126015228e-5,0.159635049138453,1.0055007398483537e-4,5.377918301036783e-5
1998-12-01,5.338512747762266e-5,0.17648783702896656,7.544835301105973e-5,3.777381111797436e-5
1999-01-01,7.144152875211667e-5,0.15142277689732628,9.612678316778072e-5,5.30954210912387e-5
1999-02-01,5.073304644575376e-5,0.1697333691675971,7.075724297565456e-5,3.637566831925023e-5
1999-03-01,2.0050640726372474e-5,0.11112310175542514,2.4929762956084345e-5,1.612643466551485e-5
1999-04-01,1.929617921703978e-5,0.09929925310680507,2.3442102185586324e-5,1.5883495832769537e-5
1999-05-01,2.4689825258022154e-5,0.11910934469908306,3.1182141449622307e-5,1.954924976068481e-5
1999-06-01,4.694789715461607e-5,0.1207180746207838,5.948034024304512e-5,3.705602621360471e-5
1999-07-01,1.3608000572015806e-4,0.11792496887736838,1.7146444530761925e-4,1.0799771301610706e-4
1999-08-01,2.2631455868066182e-4,0.13009980164268786,2.9204897048058933e-4,1.7537565493396212e-4
1999-09-01,1.6638425481583724e-4,0.16129227497145107,2.2824800073918347e-4,1.2128789808001582e-4
1999-10-01,9.522887494652138e-5,0.10256892489628777,1.1643326739977444e-4,7.788614737095126e-5
1999-11-01,4.481949314852452e-5,0.10447019567987707,5.500393583128056e-5,3.652078593525385e-5
1999-12-01,3.080735934105987e-5,0.1133111841366034,3.846864608088283e-5,2.4671868814245714e-5
2000-01-01,5.407924869918817e-5,0.10117494659711603,6.594054050766745e-5,4.43515494012152e-5
2000-02-01,2.4026588779138122e-5,0.1290094485319573,3.093906429240793e-5,1.865851413300378e-5
2000-03-01,1.608790597861667e-5,0.10003704136017619,1.9572791427415114e-5,1.3223495470057804e-5
2000-04-01,1.9101410555252805e-5,0.09800382489467387,2.314664117052692e-5,1.5763146044053757e-5
2000-05-01,2.4740858041232226e-5,0.09769485694215296,2.9962241381437057e-5,2.0429381394531944e-5
2000-06-01,4.898324898232089e-5,0.10010572874499025,5.960179019806886e-5,4.025648680837412e-5
2000-07-01,1.3475580754202906e-4,0.1333626541318629,1.750120991617943e-4,1.03759270092045e-4
2000-08-01,2.2838980934139518e-4,0.10750505901426541,2.8195959340104654e-4,1.849978019254912e-4
2000-09-01,1.6052898672224566e-4,0.12740514280946966,2.0606437269808108e-4,1.2505585143448184e-4
2000-10-01,7.801721691956945e-5,0.11124178741769035,9.702449141123845e-5,6.273350210182215e-5
2000-11-01,5.364292646842629e-5,0.10970929792383202,6.651183078854069e-5,4.3263935543220146e-5
2000-12-01,3.6742859257276315e-5,0.123284977850859,4.6785927227739434e-5,2.8855636435897683e-5
2001-01-01,1.9450423709077144e-5,0.2175085126721374,2.979038049424453e-5,1.269936725164424e-5
2001-02-01,4.056850074541348e-5,0.13000616863287842,5.234225669793462e-5,3.144310842821487e-5
2001-03-01,2.833159664935055e-5,0.103878047469813,3.472912403361009e-5,2.311257168262222e-5
2001-04-01,1.6468067438146744e-5,0.09869605911854298,1.9982711503013214e-5,1.357159388036278e-5
2001-05-01,1.8776535105127015e-5,0.09758495412969685,2.273429250646519e-5,1.550777401380784e-5
2001-06-01,2.4863974327099994e-5,0.18705315716683343,3.587512397054338e-5,1.7232476181721296e-5
2001-07-01,4.870096321998954e-5,0.098258211920889793,5.904411662545908e-5,4.0169689278272494e-5
2001-08-01,1.366011670393967e-4,0.11281784412205488,1.7040679068852237e-4,1.0950196738715987e-4
2001-09-01,2.3243015659443593e-4,0.10299564465290416,2.844226231405503e-4,1.899419149503365e-4
2001-10-01,1.5988199500415427e-4,0.12409796080646938,2.039078171661161e-4,1.2536180653478231e-4
2001-11-01,1.077735720959641e-4,0.12187827676201407,1.3685389461163516e-4,8.487257798022845e-5
2001-12-01,4.7743435630941964e-5,0.10376657760307181,5.8511544455064864e-5,3.8957024072342474e-5
2002-01-01,3.655950500223696e-5,0.10766357298955355,4.514871461426353e-5,2.9604329102789718e-5
2002-02-01,5.28255735970716e-5,0.10013817286646987,6.428113775525274e-5,4.341150955486314e-5
2002-03-01,3.0535857423342855e-5,0.0986243825452391,3.704766904831757e-5,2.516861688012373e-5
2002-04-01,1.706151999762079e-5,0.09782581692606387,2.066753757952582e-5,1.4084670876204727e-5
2002-05-01,1.9612947711025533e-5,0.10291950571610645,2.399660055665512e-5,1.6030092137727377e-5
2002-06-01,2.479561430351775e-5,0.12037289383296759,3.1393399595238696e-5,1.958445076404091e-5
2002-07-01,4.891086684711625e-5,0.09948760392371817,5.944165845772546e-5,4.024572930510855e-5
2002-08-01,1.3869588222222752e-4,0.09959954966502395,1.685948932304848e-4,1.1409923145835664e-4
2002-09-01,2.3101699689033475e-4,0.09767888273821433,2.797627430150843e-4,1.9076468966902927e-4
2002-10-01,1.496649781393725e-4,0.09793319454586778,1.8133540421045083e-4,1.2352582651462113e-4
2002-11-01,7.74773225451319e-5,0.1124093161883199,9.657380560601477e-5,6.215697384082941e-5
2002-12-01,3.691989618483275e-5,0.12258478553206058,4.694688129603557e-5,2.903448954795497e-5
2003-01-01,4.9571280112673145e-5,0.1577958480783698,6.75380740107616e-5,3.638409664476888e-5
2003-02-01,5.462978983013167e-5,0.10182259837973452,6.669644332745272e-5,4.474622315663947e-5
2003-03-01,2.9914642855947855e-5,0.09959558448351014,3.6363133073335524e-5,2.460970168313458e-5
2003-04-01,1.699015820328284e-5,0.09785442845140298,2.058224738774511e-5,1.4024973577202926e-5
2003-05-01,1.9016801220332646e-5,0.09767973154858485,2.3029480061769948e-5,1.5703295414557923e-5
2003-06-01,2.4728946130742756e-5,0.09913272124554816,3.0032333939977023e-5,2.03620796824972e-5
2003-07-01,4.98539846535085e-5,0.11426985139286429,6.236893624344996e-5,3.985028341882746e-5
2003-08-01,1.4662274099034423e-4,0.15890028465708916,2.001981163643504e-4,1.0738476747901007e-4
2003-09-01,2.3722384075977132e-4,0.15819147946598838,3.234548286404408e-4,1.739814825499915e-4
2003-10-01,1.437962285392758e-4,0.1149511390160778,1.8013407780261999e-4,1.1478869292448164e-4
2003-11-01,8.950858890395017e-5,0.0996439770638298,1.0881364945783844e-4,7.36285156089783e-5
2003-12-01,6.113951164515735e-5,0.12584933938812526,7.824328680780087e-5,4.7774576410504885e-5
2004-01-01,3.547862539792614e-5,0.10656435500328987,4.3719601545462374e-5,2.8791041446648616e-5
2004-02-01,4.796039633015568e-5,0.10284863913659201,5.867178380983953e-5,3.920452842546533e-5
2004-03-01,3.1875933666795837e-5,0.09781070855186404,3.861189089546936e-5,2.6315083865763023e-5
2004-04-01,1.924183778140192e-5,0.10528638262989647,2.3652013989117393e-5,1.5653987071720093e-5
2004-05-01,1.7261665029201534e-5,0.12447104688943944,2.2031018681948783e-5,1.3524798098623476e-5
2004-06-01,2.4829659082936935e-5,0.1507220745975458,3.336322133372376e-5,1.8478790282510827e-5
2004-07-01,5.1276367863591485e-5,0.1545844017600554,6.942280445989957e-5,3.787323087474938e-5
2004-08-01,1.437043724723691e-4,0.12274690436181294,1.8279076772424965e-4,1.1297587358914388e-4
2004-09-01,2.360801265734436e-4,0.1417825161048595,3.117074221557266e-4,1.7880172944707417e-4
2004-10-01,1.5084344616710771e-4,0.09753159019282297,1.8261944195537984e-4,1.245965106887614e-4
2004-11-01,1.0296046458935344e-4,0.11298233152051071,1.2848220925675452e-4,8.250836695430031e-5
2004-12-01,6.972066873815887e-5,0.14894879962297813,9.335752334683272e-5,5.206834409303126e-5
2005-01-01,4.9203205839292764e-5,0.15600138437206637,6.680123003561982e-5,3.624118094192141e-5
2005-02-01,5.3241402596617015e-5,0.10041188868273307,6.482190846336993e-5,4.372976695150654e-5
2005-03-01,3.0068614108936555e-5,0.09931846992486691,3.653044812925166e-5,2.4749807372556306e-5
2005-04-01,1.4878547259228515e-5,0.10856968803189299,1.8406741488431578e-5,1.2026635387052376e-5
2005-05-01,1.949180545756679e-5,0.10132677306405104,2.377404928233838e-5,1.5980890570369893e-5
2005-06-01,2.4733920336942817e-5,0.09823403004957128,2.9985510852795323e-5,2.040208079954066e-5
2005-07-01,4.9884624597847156e-5,0.11495923861747807,6.249164942876169e-5,3.9820932780865604e-5
2005-08-01,1.3724205671035244e-4,0.10744117056731868,1.694115392777929e-4,1.1118122301694126e-4
2005-09-01,2.3344171320313617e-4,0.11079794746190333,2.9006249527653273e-4,1.8787342159234388e-4
2005-10-01,1.4731357470157226e-4,0.10188601080102198,1.7987462082720204e-4,1.2064675489825343e-4
2005-11-01,8.055495863913666e-5,0.10649949246917845,9.925364781879596e-5,6.537897098955953e-5
2005-12-01,2.773111746009464e-5,0.17662388515862415,3.920240008586643e-5,1.961652536327278e-5
2006-01-01,2.836228554757463e-5,0.12527273823670254,3.625563639221559e-5,2.2187425777881993e-5
2006-02-01,4.764474199037779e-5,0.10343250484159124,5.835237070897862e-5,3.890195739691486e-5
2006-03-01,2.865829142692856e-5,0.10277730728083212,3.505388074622101e-5,2.342957898033322e-5
2006-04-01,1.3218665265331174e-5,0.13070517265175768,1.7078357257570357e-5,1.0231259878312864e-5
2006-05-01,1.4753169458429574e-5,0.23444243210795293,2.33585972089912e-5,9.318025698279474e-6
2006-06-01,2.4776625140061595e-5,0.10777120822313346,3.060404660315254e-5,2.005882298153003e-5
2006-07-01,4.878536100043252e-5,0.09865009922622757,5.919188666027758e-5,4.0208406628466154e-5
2006-08-01,1.4137271631376865e-4,0.10324844078973336,1.7308221708279165e-4,1.1547254972111403e-4
2006-09-01,2.3029326940418048e-4,0.09784018955416691,2.789744924093261e-4,1.901069501904522e-4
2006-10-01,1.4537932584719542e-4,0.10810427716278581,1.7968956985308537e-4,1.1762034046308404e-4
2006-11-01,7.62602536048853e-5,0.11524191884803393,9.558596894189559e-5,6.084184053641389e-5
2006-12-01,5.29653095586837e-5,0.10863118190280327,6.55330292662815e-5,4.280778789041277e-5
2007-01-01,3.932345769399229e-5,0.11387404848413245,4.9156759431799085e-5,3.1457206351379025e-5
2007-02-01,5.85410624221286e-5,0.1092319550273467,7.251714825919158e-5,4.725855982729128e-5
2007-03-01,2.7526110654263852e-5,0.10708056145449979,3.3954212742928106e-5,2.2314956128929445e-5
2007-04-01,1.5390399520382218e-5,0.10415898247375355,1.8876080016235608e-5,1.2548389135522337e-5
2007-05-01,1.6841442467177806e-5,0.13873431782570575,2.2104073775735697e-5,1.2831760663349475e-5
2007-06-01,2.476428239332707e-5,0.10200879511201165,3.0245264518894906e-5,2.0276552121847885e-5
2007-07-01,4.957601304529914e-5,0.1085402968359285,6.132858764509763e-5,4.007561830203237e-5
2007-08-01,1.4387144363447817e-4,0.12454785284615505,1.8365039808192695e-4,1.1270867098384916e-4
2007-09-01,2.321601854760888e-4,0.10143892911887542,2.8322677139776243e-4,1.9030104906501706e-4
2007-10-01,1.3969153142499223e-4,0.13856186923122993,1.8328052606064255e-4,1.0646916162496734e-4
2007-11-01,7.887980623636914e-5,0.10949124654000024,9.776123194516365e-5,6.36451045888743e-5
2007-12-01,2.9363420964184874e-5,0.16432322182847575,4.052111635011689e-5,2.1278053725621125e-5
2008-01-01,2.1926382212828905e-5,0.1842814912203446,3.1465204046735e-5,1.5279298244148735e-5
2008-02-01,4.0211165550804766e-5,0.13200511101365947,5.208488151873719e-5,3.1044283634830686e-5
2008-03-01,2.180938388107678e-5,0.1494441310499338,2.923161494867085e-5,1.627173955689366e-5
2008-04-01,1.378175203315316e-5,0.1218946351616978,1.7501015111350753e-5,1.0852895554620298e-5
2008-05-01,1.5937307139783865e-5,0.17591874425129547,2.2498833435267178e-5,1.1289374606847898e-5
2008-06-01,2.4839477186127405e-5,0.16068923947610347,3.403485406026406e-5,1.8128464008914184e-5
2008-07-01,4.8209531014318385e-5,0.0988091107481554,5.851145795052765e-5,3.972143169950814e-5
2008-08-01,1.352385696797747e-4,0.127368466943224,1.7358763918327914e-4,1.0536159610835363e-4
2008-09-01,2.3348200197379772e-4,0.11116691953025651,2.903224370060508e-4,1.8777000430234169e-4
2008-10-01,1.4459840748917293e-4,0.11129849306138982,1.7984679379013757e-4,1.1625839420191818e-4
2008-11-01,7.929777094493697e-5,0.10869417373237146,9.812582656092177e-5,6.408237970797298e-5
2008-12-01,3.281769551178347e-5,0.1422092664305488,4.3366967310496884e-5,2.4834596594985944e-5
2009-01-01,2.6880586871524637e-5,0.13538613589008153,3.504949392716953e-5,2.0615588688927312e-5
2009-02-01,4.041200689256476e-5,0.13087423769586887,5.2229133227285084e-5,3.126856986076758e-5
2009-03-01,2.4935714635930403e-5,0.12207796003195551,3.1676462595087486e-5,1.962939714426899e-5
2009-04-01,1.3673603529011543e-5,0.12348584032032298,1.741791843717047e-5,1.0734200768192921e-5
2009-05-01,1.8074477673703174e-5,0.10447917797893055,2.2181975811939688e-5,1.4727576386651356e-5
2009-06-01,2.4824766977473246e-5,0.14591983573268918,3.30441551292444e-5,1.8649865704704978e-5
2009-07-01,4.878202442807123e-5,0.09863196474231678,5.918573464465618e-5,4.020708573760683e-5
2009-08-01,1.3707717159477579e-4,0.1087224506825246,1.696334727651397e-4,1.1076912278061343e-4
2009-09-01,2.289238478709053e-4,0.10353688055076825,2.804293136846609e-4,1.8687820982563687e-4
2009-10-01,1.6205875766113395e-4,0.13565183474553674,2.1141786273319528e-4,1.2422337732083464e-4
2009-11-01,1.333449858513723e-4,0.17928602355851012,1.8949075834044033e-4,9.383510524432768e-5
2009-12-01,4.2308649845296134e-5,0.10751614641838203,5.223345553346552e-5,3.426964257773497e-5
2010-01-01,4.597792687434405e-5,0.14057393869237472,6.0563133544737744e-5,3.490522428303595e-5
2010-02-01,6.926562419464089e-5,0.14348700537752787,9.176062373861953e-5,5.2285245016855626e-5
2010-03-01,5.636686026480983e-5,0.19622809162747926,8.280500127520034e-5,3.836994006621866e-5
2010-04-01,1.97004218762695e-5,0.10844952381297272,2.4366302123092976e-5,1.592800664386299e-5
2010-05-01,1.977410707987198e-5,0.10540447727678559,2.43119046605204e-5,1.6083285792133138e-5
2010-06-01,2.4690602213194672e-5,0.11852915474300955,3.114768228009327e-5,1.9572109159461613e-5
2010-07-01,4.990735425409666e-5,0.11547754023948015,6.258366806951007e-5,3.9798626150795365e-5
2010-08-01,1.3892423651830772e-4,0.09897929713788606,1.6866730174550483e-4,1.1442611159639938e-4
2010-09-01,2.2496391386526686e-4,0.14919261804005907,3.0137566344098395e-4,1.6792584365887104e-4
2010-10-01,1.5772887754901373e-4,0.1140593882365496,1.9724251162693093e-4,1.2613101814444214e-4
2010-11-01,8.067902416033449e-5,0.10629948600290973,9.936755087255448e-5,6.55053373290059e-5
2010-12-01,4.490962645758724e-5,0.10440464355320411,5.510746956982976e-5,3.6598932309971606e-5
2011-01-01,2.8230600057437094e-5,0.1260850939725826,3.6144806834162386e-5,2.2049274831086147e-5
2011-02-01,3.841047651773703e-5,0.14297514488204072,5.0833802270740224e-5,2.902330025328133e-5
2011-03-01,2.170681975401417e-5,0.15050955875118172,2.915496489825523e-5,1.616143341203123e-5
2011-04-01,1.4693740472103038e-5,0.11044879801398742,1.824518535359489e-5,1.183358814269203e-5
2011-05-01,1.7844668934569043e-5,0.10895354158338534,2.2092843796964143e-5,1.4413364450081812e-5
2011-06-01,2.4702718245832396e-5,0.11031007391719176,3.0664972211915e-5,1.9899717649046997e-5
2011-07-01,4.7919270084678926e-5,0.1014039973480914,5.845572070074878e-5,3.928197989728986e-5
2011-08-01,1.3596967429015805e-4,0.11908311404953478,1.7171476912644117e-4,1.0766547583893797e-4
2011-09-01,2.274229527885716e-4,0.11677919388836015,2.8591619173637563e-4,1.8089636386442066e-4
2011-10-01,1.435293593253307e-4,0.11624511588334016,1.80256355698381e-4,1.1428544035812284e-4
2011-11-01,7.152792603846238e-5,0.12880996266047587,9.207058160113024e-5,5.5568718198484124e-5
2011-12-01,4.7124921200537304e-5,0.10368059347792005,5.774379725804962e-5,3.8458818152061714e-5
2012-01-01,2.5852593674075594e-5,0.14364030614668363,3.425888446551835e-5,1.9509000660822917e-5
2012-02-01,3.452152599935218e-5,0.17160950133374606,4.8324452432352454e-5,2.4661133180809727e-5
2012-03-01,2.182202931153197e-5,0.14931350699116433,2.924107655659559e-5,1.628534306360718e-5
2012-04-01,1.4652646299902061e-5,0.11088712394178364,1.820979647056335e-5,1.1790359323186411e-5
2012-05-01,1.818559395232742e-5,0.10269008681700054,2.2240218850388008e-5,1.4870169651822377e-5
2012-06-01,2.4752225838021538e-5,0.09862954490526381,3.003097430430269e-5,2.0401358867955216e-5
2012-07-01,4.959704125545021e-5,0.10893860548091563,6.140251815363859e-5,4.0061329327567056e-5
2012-08-01,1.3970751575861267e-4,0.09819165951571701,1.6935662806144227e-4,1.1524904683601663e-4
2012-09-01,2.296417933055411e-4,0.09969926051702159,2.7920079689316404e-4,1.888796658870712e-4
2012-10-01,1.5578849682630226e-4,0.10661816789051398,1.9199530273866149e-4,1.2640963292958525e-4
2012-11-01,1.0026079911503497e-4,0.10868905331594866,1.2406496339067107e-4,8.102390525463423e-5
2012-12-01,3.4629118499373085e-5,0.132665620069895,4.4912651182988845e-05,2.670017949191617e-5
2013-01-01,4.2602171693865834e-5,0.12566847265017025,5.450080308687009e-5,3.330125301347835e-5
2013-02-01,4.257792710294705e-5,0.11989883534992166,5.385728583526289e-5,3.366081019992462e-5
2013-03-01,3.4126874159993955e-5,0.09993686950720947,4.151112388209345e-5,2.8056179428918155e-5
2013-04-01,1.7402620793361714e-5,0.09796233355759872,2.1086372715311157e-5,1.4362413799962866e-5
2013-05-01,1.8660449911381928e-5,0.0979874544731086,2.2611569880646427e-5,1.539974414572753e-5
2013-06-01,2.4723995877885223e-5,0.1004397112049195,3.0103339096280518e-5,2.030591922758539e-5
2013-07-01,5.0533253566820555e-5,0.13172765678636553,6.541933214613077e-5,3.9034481586336645e-5
2013-08-01,1.458525829633489e-4,0.14857258371481083,1.9515588900083006e-4,1.0900504240991722e-4
2013-09-01,2.330397508924001e-4,0.10734882125604853,2.8761211037707274e-4,1.8882210983672492e-4
2013-10-01,1.4277993940509063e-4,0.12007720415402492,1.8066705818097867e-4,1.1283800877578956e-4
2013-11-01,6.121308362138653e-5,0.17127945901150432,8.563282600422858e-5,4.3757070521692586e-5
2013-12-01,5.24815085825843e-5,0.1079146804991229,6.484330478389085e-5,4.2476378282744895e-5
2014-01-01,3.1893849401923425e-5,0.10990628776678411,3.956043515258478e-5,2.5713004059463912e-5
2014-02-01,4.0317775664363455e-5,0.13140247518032327,5.216132430297826e-5,3.116337739203307e-5
2014-03-01,2.628354273840862e-5,0.11338578565270839,3.282462946097674e-5,2.1045922839830773e-5
2014-04-01,1.732051763374699e-5,0.09788899378952388,2.098387355972753e-5,1.4296708862976769e-5
2014-05-01,1.888744497648499e-5,0.09747476288098732,2.2863641688031454e-5,1.56027452934801e-5
2014-06-01,2.4707908122439598e-5,0.10731883549756169,3.0492119612454034e-5,2.002093431174838e-5
2014-07-01,4.946259030158956e-5,0.10649914636889196,6.0943972545603616e-5,4.01442134004668e-5
2014-08-01,1.4036815732601453e-4,0.09913849916500611,1.70473545198676e-4,1.1557933853101915e-4
2014-09-01,2.269953484835139e-4,0.12161808336769926,2.880980776071931e-4,1.7885189884330355e-4
2014-10-01,1.480732787441893e-4,0.10015787451992705,1.801908761218798e-4,1.2168038887398495e-4
2014-11-01,8.409324190190212e-5,0.10196922712973665,1.0269730663591903e-4,6.885938458583163e-5
2014-12-01,5.1414797185238157e-5,0.10650449268087231,6.334999448217815e-5,4.172820204969154e-5
2015-01-01,3.183858244525674e-5,0.11005135624729798,3.950311371539344e-5,2.566115014190381e-5
2015-02-01,5.072255321143385e-5,0.09991259151084757,6.169478019436496e-5,4.1701703064366036e-5
2015-03-01,2.9753389168441563e-5,0.0999118517163147,3.6189545417358096e-5,2.4461875848380345e-5
2015-04-01,1.80398653674488e-5,0.0993464884639893,2.1917889357187697e-5,1.4847996409332897e-5
2015-05-01,1.905537425566792e-5,0.09780910283049145,2.3082044398136914e-5,1.5731158027444062e-5
2015-06-01,2.4690872751605363e-5,0.11832852758892166,3.113577766444708e-5,1.9580021536834618e-5
2015-07-01,4.747918101231518e-5,0.10831523260390574,5.8708773344361796e-5,3.839754267011412e-5
2015-08-01,1.3359530223816798e-4,0.14917443387453053,1.7896620479546143e-4,9.972667633258136e-5
2015-09-01,2.2214581787893177e-4,0.19540360472676688,3.258134794843264e-4,1.5146323743021656e-4
2015-10-01,1.6994039522452172e-4,0.18389916973610923,2.4368834442339203e-4,1.1851095298546592e-4
2015-11-01,1.309130216740944e-4,0.1736595665491562,1.8399450562589994e-4,9.314527727630937e-5
2015-12-01,1.0857145279066344e-4,0.24956861807367411,1.7707316322501012e-4,6.656999935160325e-5
2016-01-01,7.002204355835502e-5,0.2531074644501564,1.1499638933404113e-4,4.263687418781209e-5
2016-02-01,7.360784133720599e-5,0.15940466679946813,1.006032644453881e-4,5.385624747062241e-5
2016-03-01,4.5209977072085444e-5,0.1430262562142262,5.9838499391837316e-5,3.4157641779655154e-5
2016-04-01,2.414584818309259e-5,0.15091197735235923,3.245647376827004e-5,1.796319552898957e-5
2016-05-01,2.0418299897006137e-5,0.11875595874902695,2.5769541478379628e-5,1.617828439182208e-5
2016-06-01,2.4751670783541038e-5,0.09853197309690379,3.002455840893331e-5,2.0404803235824333e-5
2016-07-01,4.621848706472237e-5,0.14313505127260812,6.118637729111275e-5,3.491215922767473e-5
2016-08-01,1.3559097241530452e-4,0.12324740417316367,1.7263986341613846e-4,1.064928541805672e-4
2016-09-01,2.3401879930551328e-4,0.11645405674451247,2.9402106142193015e-4,1.8626148128145407e-4
2016-10-01,1.574857497606614e-4,0.11303431329289412,1.9654319529114765e-4,1.261898756705251e-4
2016-11-01,1.104027386327364e-4,0.12722926709984161,1.4167055168044483e-4,8.603597962335566e-5
2016-12-01,4.852080692012323e-5,0.10403963353110839,5.9496078114006035e-5,3.95701494755443e-5
2017-01-01,2.9304600457333065e-5,0.11995848722376941,3.707204386221254e-5,2.3164614585473585e-5
2017-02-01,4.836467962315484e-5,0.10217650285339501,5.908846531679058e-5,3.9587121149780785e-5
2017-03-01,2.98185708952879e-5,0.0997807900099693,3.6259511469086125e-5,2.4521763648012007e-5
2017-04-01,1.8034369183879076e-5,0.09932871702107458,2.1910448462175305e-5,1.4843989725811257e-5
2017-05-01,2.1436951471957557e-5,0.14692889145987595,2.8591136709877733e-5,1.607291424171671e-5
2017-06-01,2.4702889921928305e-5,0.11020569717709139,3.0658912530581043e-5,1.990392744316108e-5
2017-07-01,4.906639789108317e-5,0.1009342464272957,5.9799994132981964e-5,4.025939194328879e-5
2017-08-01,1.3166803391677836e-4,0.1787413337846771,1.869080667993144e-4,9.2754001752767e-5
2017-09-01,2.2641979918974693e-4,0.1287317369435382,2.91402361924608e-4,0.00017592831137857735
2017-10-01,1.5370845984404198e-4,0.10083954512808818,1.8729842468370034e-4,1.2614249515192823e-4
2017-11-01,1.0532847661783708e-4,0.11718906295916492,1.3252540716028109e-4,8.371291380540077e-5
2017-12-01,5.4071471239826306e-5,0.11043350454180743,6.71384148623565e-5,4.3547706749309204e-5
2018-01-01,2.703379231778485e-5,0.13424212691658785,3.5170308549269106e-5,2.0779627965371115e-5
2018-02-01,4.441831947350378e-5,0.11238807217471015,5.536416850194466e-5,3.563653457165069e-5
2018-03-01,3.266080839956795e-5,0.0980911595104162,3.9584376669016716e-5,2.694821783434152e-5
2018-04-01,1.4553254661618234e-5,0.11197792240755669,1.81249852075565e-5,1.1685373467649087e-5
2018-05-01,1.799858959558257e-5,0.10584363549913407,2.2147993923537637e-5,1.4626571984288753e-5
2018-06-01,2.4803763470901377e-5,0.1268866628331727,3.18072182706061e-5,1.9342360500885703e-5
2018-07-01,4.794679621227937e-5,0.10108787469070127,5.8453070482307264e-5,3.932890518929511e-5
2018-08-01,1.433164969974481e-4,0.1187381791342706,1.808706764994591e-4,1.1355969198070078e-4
2018-09-01,2.3041486158387623e-4,0.09767192590449146,2.7902974942950915e-4,1.902700645621629e-4
2018-10-01,1.4666703411036022e-4,0.10368220467021463,1.7971676156295385e-4,1.196951175152035e-4
2018-11-01,7.790976178329454e-5,0.1114697674601118,9.693416153336613e-5,6.261911059126814e-5
2018-12-01,2.42622045051112e-5,0.20704890014567778,3.640607344569944e-5,1.616913090959482e-5
2019-01-01,3.717988229216145e-5,0.10866451524667813,4.6005008283023895e-5,3.0047677391008597e-5
2019-02-01,6.223912145058057e-5,0.11953095735646029,7.867020079259105e-5,4.9239841768713694e-5
2019-03-01,4.646956391810553e-5,0.14910920420848398,6.224334357728295e-5,3.469319362732664e-5
2019-04-01,2.613633835020988e-5,0.1719576114314398,3.66115417250245e-5,1.8658274144454774e-5
2019-05-01,2.135011450312927e-5,0.144321021615496,2.833014140468724e-5,1.6089838126304366e-5
2019-06-01,2.463819523354184e-5,0.16740405322446048,3.420629990697654e-5,1.7746457992152343e-5
2019-07-01,4.748934047479872e-5,0.10811846073139161,5.869869282421221e-5,3.842057378492607e-5
2019-08-01,1.3856139031083044e-4,0.1000460014436676,1.6857885821532377e-4,1.1388888908208946e-4
2019-09-01,2.2333565934877714e-4,0.17509266112037955,3.147747974629296e-4,1.5845873665482117e-4
2019-10-01,1.4941940796434544e-4,0.09815076255894281,1.8111508626575935e-4,1.2327056755313687e-4
2019-11-01,1.0107649739023668e-4,0.10992275069479801,1.2537712827645915e-4,8.148582173736681e-5
2019-12-01,7.353571126015228e-5,0.159635049138453,1.0055007398483537e-4,5.377918301036783e-5
2020-01-01,5.338512747762266e-5,0.17648783702896656,7.544835301105973e-5,3.777381111797436e-5
2020-02-01,7.144152875211667e-5,0.15142277689732628,9.612678316778072e-5,5.30954210912387e-5
2020-03-01,5.073304644575376e-5,0.1697333691675971,7.075724297565456e-5,3.637566831925023e-5
2020-04-01,2.0050640726372474e-5,0.11112310175542514,2.4929762956084345e-5,1.612643466551485e-5
2020-05-01,1.929617921703978e-5,0.09929925310680507,2.3442102185586324e-5,1.5883495832769537e-5
2020-06-01,2.4689825258022154e-5,0.11910934469908306,3.1182141449622307e-5,1.954924976068481e-5
2020-07-01,4.694789715461607e-5,0.1207180746207838,5.948034024304512e-5,3.705602621360471e-5
2020-08-01,1.3608000572015806e-4,0.11792496887736838,1.7146444530761925e-4,1.0799771301610706e-4
2020-09-01,2.2631455868066182e-4,0.13009980164268786,2.9204897048058933e-4,1.7537565493396212e-4
2020-10-01,1.6638425481583724e-4,0.16129227497145107,2.2824800073918347e-4,1.2128789808001582e-4
2020-11-01,9.522887494652138e-5,0.10256892489628777,1.1643326739977444e-4,7.788614737095126e-5
2020-12-01,4.481949314852452e-5,0.10447019567987707,5.500393583128056e-5,3.652078593525385e-5
2021-01-01,3.080735934105987e-5,0.1133111841366034,3.846864608088283e-5,2.4671868814245714e-5
2021-02-01,5.407924869918817e-5,0.10117494659711603,6.594054050766745e-5,4.43515494012152e-5
2021-03-01,2.4026588779138122e-5,0.1290094485319573,3.093906429240793e-5,1.865851413300378e-5
2021-04-01,1.608790597861667e-5,0.10003704136017619,1.9572791427415114e-5,1.3223495470057804e-5
2021-05-01,1.9101410555252805e-5,0.09800382489467387,2.314664117052692e-5,1.5763146044053757e-5
2021-06-01,2.4740858041232226e-5,0.09769485694215296,2.9962241381437057e-5,2.0429381394531944e-5
2021-07-01,4.898324898232089e-5,0.10010572874499025,5.960179019806886e-5,4.025648680837412e-5
2021-08-01,1.3475580754202906e-4,0.1333626541318629,1.750120991617943e-4,1.03759270092045e-4
2021-09-01,2.2838980934139518e-4,0.10750505901426541,2.8195959340104654e-4,1.849978019254912e-4
2021-10-01,1.6052898672224566e-4,0.12740514280946966,2.0606437269808108e-4,1.2505585143448184e-4
2021-11-01,7.801721691956945e-5,0.11124178741769035,9.702449141123845e-5,6.273350210182215e-5
2021-12-01,5.364292646842629e-5,0.10970929792383202,6.651183078854069e-5,4.3263935543220146e-5
2021-01-01,3.271561562151196e-5,0.10809935689003197,4.0436273674655404e-5,2.6469093421072714e-5
2021-02-01,5.075961304054392e-5,0.09989892948807667,6.173820352950878e-5,4.173328941769836e-5
2021-03-01,2.935536992705602e-5,0.1008076881086887,3.576817601617592e-5,2.4092303257638574e-5
2021-04-01,1.4174083349050448e-5,0.11653383285976657,1.7811093494417584e-5,1.1279747582527565e-5
2021-05-01,1.8431627476543865e-5,0.09964559451883684,2.2407000646041865e-5,1.5161551374083541e-5
2021-06-01,2.476923519992063e-5,0.10405936205770677,3.0373141560476136e-5,2.019926095453162e-5
2021-07-01,5.068175722211881e-5,0.13604522250541792,6.61691712808312e-5,3.8819294021684545e-5
2021-08-01,1.516999510280487e-4,0.2334019756358672,2.3969623538270716e-4,9.600849635860669e-5
2021-09-01,2.4407067206548355e-4,0.27018345430391105,4.1447696224473495e-4,1.4372449711046281e-4
2021-10-01,1.2331409906084985e-4,0.27791688265991255,2.126083713648686e-4,7.152289879071897e-5
2021-11-01,4.746750257098489e-5,0.2538816598034384,7.80737094733953e-5,2.8859443409618622e-5
2021-12-01,2.7979463889355705e-5,0.17467286163294993,3.940251384178546e-5,1.9868031838759612e-5
2022-01-01,3.285917637827438e-5,0.10785021455546534,4.059388616726181e-5,2.6598228802477217e-5
2022-02-01,5.0856019102005014e-5,0.09986646157965255,6.185152468940937e-5,4.181521299419719e-5
2022-03-01,2.9199281895129973e-5,0.10120415471985739,3.5605647381554345e-5,2.394558520604114e-5
2022-04-01,1.4158358625797293e-5,0.11673614652694204,1.7798390155082325e-5,1.126276686992658e-5
2022-05-01,1.8375723901676927e-5,0.10022403967659214,2.2364380972514435e-5,1.5098438419809153e-5
2022-06-01,2.477353352974036e-5,0.10612727640501385,3.0501789337133438e-5,2.0121047875771875e-5
2022-07-01,5.0802253867281986e-5,0.13965166400300455,6.679698751950485e-5,3.863750587917081e-5
2022-08-01,1.5167720696858755e-4,0.23305514972754587,2.3949743759824348e-4,9.605937894159948e-5
2022-09-01,2.44388684894832e-4,0.2756297808401393,4.194709603964529e-4,1.423837045791611e-4
2022-10-01,1.2299666853719392e-4,0.28105123636396623,2.1336785463917508e-4,7.090187271569801e-5
2022-11-01,4.771265761835976e-5,0.2521278068463299,7.82076307713665e-5,2.9108383345123636e-5
2022-12-01,2.8387494451561676e-5,0.17152992662860322,3.9731620951258595e-5,2.0282329840658506e-5
2023-01-01,3.2877761004557565e-5,0.10781938946288791,4.061439154089577e-5,2.661488028410742e-5
2023-02-01,5.101546310224723e-5,0.09982245640526863,6.204009064660744e-5,4.194993025335089e-5
2023-03-01,2.9366236926221307e-5,0.10078103702288346,3.577954792391135e-5,2.410248092124833e-5
2023-04-01,1.4240836085961672e-5,0.11568677706300842,1.7865289589176413e-5,1.1351700257357947e-5
2023-05-01,1.8389522893522396e-05,0.1000749912394655,2.237463782212574e-5,1.5114191118524907e-5
2023-06-01,2.4771039872154065e-5,0.10489591966666158,3.0425200422473927e-5,2.0167637610518436e-5
2023-07-01,5.073309524966621e-5,0.13757103659014916,6.643457943967484e-5,3.8742579170669034e-5
2023-08-01,1.5174921852361773e-4,0.23415346054152186,2.4012750733519184e-4,9.589832326200074e-5
2023-09-01,2.442526069955861e-4,0.2732982116891352,4.1732590330402383e-4,1.4295622570228555e-4
2023-10-01,1.2324702612552725e-4,0.27857809018121016,2.127682915706275e-4,7.139141521820321e-5
2023-11-01,4.778291922820612e-5,0.25162722472347243,7.824599122627626e-5,2.9179863839497665e-5
2023-12-01,2.7819488179423107e-5,0.17592631679272852,3.927359341155187e-5,1.9705961572067944e-5
2024-01-01,3.243041152568838e-5,0.10865261753533423,4.012725343585634e-5,2.6209907274284315e-5
2024-02-01,5.08643273138301e-5,0.09986387074793779,6.186131507315315e-5,4.182225660784955e-5
2024-03-01,2.929750281133352e-5,0.10095168938178407,3.5707744402334264e-5,2.4038025513702973e-5
2024-04-01,1.4106662856046431e-5,0.11740869987265891,1.7756795371758683e-5,1.1206860966064661e-5
2024-05-01,1.845129612239065e-5,0.09945815889625946,2.2422672451702784e-5,1.5183307401446449e-5
2024-06-01,2.4769620371567085e-5,0.10423399254468267,3.0384011806121306e-5,2.0192662419514517e-5
2024-07-01,5.073482249866374e-5,0.13762265369983978,6.64435629826673e-5,3.8739978689017404e-5
2024-08-01,1.517928067859768e-4,0.23481854513124334,2.4050979735752004e-4,9.580090476611287e-5
2024-09-01,2.441827654726694e-4,0.2721021621303323,4.162296792571297e-4,1.4325077217054169e-4
2024-10-01,1.236066714544296e-4,0.2750394900290844,2.119142941792687e-4,7.209805873273646e-5
2024-11-01,4.845279801814616e-5,0.24690059034758324,7.861128344272659e-5,2.986433413846628e-5
2024-12-01,2.8262862006150177e-5,0.17248172517943494,3.9631047053524116e-5,2.015564634716499e-5
2025-01-01,3.291258456431562e-5,0.10776250839161286,4.0652877090951954e-5,2.6646040827066607e-5
2025-02-01,5.116313672334058e-5,0.0997924027801278,6.221601212685229e-5,4.207384031676731e-5
2025-03-01,2.9502701446489715e-5,0.10045686843997917,3.5922983363174634e-5,2.422987489209987e-5
2025-04-01,1.4178494458079441e-5,0.11647726953769148,1.7814661359380403e-5,1.1284508924551417e-5
2025-05-01,1.8483002445921936e-5,0.09917370682394937,2.2448683889836613e-5,1.5217880081184692e-5
2025-06-01,2.4768778142502596e-5,0.10385492471172547,3.0360413326086875e-5,2.0206983484818943e-5
2025-07-01,5.0658353878562286e-5,0.135355135777326,6.604921966920048e-5,3.885388548931377e-5
2025-08-01,1.5159713768434006e-4,0.23183464307036647,2.3879907136098436e-4,9.623861610141742e-5
2025-09-01,2.440269933903289e-4,0.26943611735652057,4.137962230703706e-4,1.439094176869677e-4
2025-10-01,1.2352726939646286e-4,0.27581929825709095,2.1210209970222313e-4,7.194170310416015e-5
2025-11-01,4.839210639742167e-5,0.24732542326440876,7.857821821299419e-5,2.980210056725523e-5
2025-12-01,2.840164075383713e-5,0.1714223477689643,3.974303947213503e-5,2.0296716311181726e-5
2026-01-01,3.3077142897098656e-5,0.10750916150550958,4.083585332446735e-5,2.679256812737009e-5
2026-02-01,5.135540362739918e-5,0.09976856369167267,6.244689696188983e-5,4.2233923702287836e-5
2026-03-01,2.962333339098657e-5,0.10018646874454562,3.605075547304377e-5,2.4341844426802767e-5
2026-04-01,1.4324968777907402e-5,0.11464644053450374,1.7934228731039783e-5,1.1442071670072016e-5
2026-05-01,1.8456175697506935e-5,0.09941295838647307,2.2426615356110545e-5,1.518866828401882e-5
2026-06-01,2.476826235788991e-5,0.10362787092957002,3.0346273233129956e-5,2.021555713007704e-5
2026-07-01,5.0643958752441603e-5,0.134932416335865,6.59757655008647e-5,3.887504053416995e-5
2026-08-01,1.5146838591261703e-4,0.2298736651847541,2.376809701969234e-4,9.652717216681262e-5
2026-09-01,2.4399938680410085e-4,0.26896386438160413,4.1336661480544963e-4,1.4402638875129662e-4
2026-10-01,1.2389654884215154e-4,0.2721995605699396,2.1123221483921963e-4,7.26705196301598e-5
2026-11-01,4.896121422473751e-5,0.24336810038658654,7.888806231886955e-5,3.0387366958907328e-5
2026-12-01,2.8986777541219727e-5,0.1670531163507111,4.021595820810662e-5,2.089303126575232e-5
2027-01-01,3.335874451152168e-5,0.10713428823655922,4.115326003444155e-5,2.7040526909743246e-5
2027-02-01,5.1464368919935874e-5,0.09976266932625015,6.257867308192944e-5,4.2324024110573235e-5
2027-03-01,2.985774532649408e-5,0.09970412573717202,3.630169257339718e-5,2.4557669154938585e-5
2027-04-01,1.437691340984809e-5,0.11401936589712323,1.7977152422085388e-5,1.1497685191807073e-5
2027-05-01,1.858144639766731e-5,0.09843037187743535,2.25353932417693e-5,1.532123919583644e-5
2027-06-01,2.4764401078028e-5,0.10205361139464232,3.0248066342471775e-5,2.0274868277854996e-5
2027-07-01,5.0554736646334776e-5,0.13234300340886035,6.552612577838458e-5,3.900400591397931e-5
2027-08-01,1.515308919154744e-4,0.23082542304753234,2.3822303111066108e-4,9.638703318334026e-5
2027-09-01,2.4398019743825336e-4,0.26863564348755004,4.130682878577147e-4,1.441077383372347e-4
2027-10-01,1.2411633675488457e-4,0.2700536125494519,2.107187710864313e-4,7.310627795533812e-5
2027-11-01,4.877989999889993e-5,0.24462249405980688,7.878939693121855e-5,3.0200493170164905e-5
2027-12-01,2.873183977237044e-5,0.16893746164293547,4.000975632070212e-5,2.0632932879874164e-5
2028-01-01,3.3013430764211516e-5,0.10760423215469106,4.0764791953523e-5,2.6735978735424324e-05
2028-02-01,5.1378120334503756e-5,0.09976688205372124,6.247431399792369e-5,4.2252744851179604e-5
2028-03-01,2.9748671282854743e-5,0.099921508033437,3.6184491809143396e-5,2.4457534121612885e-5
2028-04-01,1.4320865876660931e-5,0.11469646737509277,1.7930850160165688e-5,1.1437672928243152e-5
2028-05-01,1.8510286762073513e-5,0.09894646158558579,2.247181109328839e-5,1.5247134046820405e-5
2028-06-01,2.4765999457608652e-5,0.10267811038404324,3.028706789441966e-5,2.0251373664575884e-5
2028-07-01,5.06146314264156e-5,0.1340753897507443,6.582689260450445e-5,3.891784668955488e-5
2028-08-01,1.5135177058863187e-4,0.2280993121362641,2.366734601519956e-4,9.678887715421227e-5
2028-09-01,2.4387335248016116e-4,0.2668087846395962,4.114116362037485e-4,1.445613269442354e-4
2028-10-01,1.2390559495178632e-4,0.27211111209850053,2.1121101911783125e-4,7.268842565354588e-5
2028-11-01,4.879704343510067e-5,0.24450363528440383,7.879872770318886e-5,3.0218145868752906e-5
2028-12-01,2.8391119553749404e-5,0.17150234987856877,3.97345469786565e-5,2.0286016346134924e-5
2029-01-01,3.292800657102512e-5,0.10773768357855316,4.06699470925868e-5,2.6659823635204777e-5
2029-02-01,5.113941284649528e-5,0.09979654036031638,6.218766745176071e-5,4.205399001840583e-5
2029-03-01,2.969542579169509e-5,0.10003208180301727,3.6127556082324077e-5,2.440846845384906e-5
2029-04-01,1.432478067374143e-5,0.11464873250730388,1.793407379738661e-5,1.1441870021784904e-5
2029-05-01,1.84524192124002e-5,0.09944770965160654,2.242357801946694e-5,1.5184542560271136e-5
2029-06-01,2.4769165033697628e-5,0.10402778059889656,3.03711754959217e-5,2.0200454096646105e-5
2029-07-01,5.064357169445819e-5,0.13492106873111281,6.597379390644707e-5,3.887560805747588e-5
2029-08-01,1.5152408289852653e-4,0.23072172118938328,2.3816391351690102e-4,9.640229436610364e-5
2029-09-01,2.4404756176266257e-4,0.26978801756233095,4.1411662869544067e-4,1.4382231544269385e-4
2029-10-01,1.238378758673677e-4,0.27277349593968386,2.113698218586147e-4,7.255444208870886e-5
2029-11-01,4.850525980781114e-5,0.24653390802535433,7.863986046127434e-5,2.9918163832219154e-5
2029-12-01,2.8099195450861353e-5,0.17374257174837557,3.9499040675449875e-5,1.998946737651913e-5
2030-01-01,3.308118698363053e-5,0.1075032553015124,4.084037323111342e-5,2.6796154042299643e-5
2030-02-01,5.1342403639016644e-5,0.0997696335872849,6.243122021632024e-5,4.222314416245573e-5
2030-03-01,2.9807973409637215e-5,0.09980180054987074,3.6248117571201e-5,2.4512039198845496e-5
2030-04-01,1.4441909804847372e-5,0.11325118696534517,1.8031256228292182e-5,1.1567067550406669e-5
2030-05-01,1.8490094979090542e-5,0.09911307252281334,2.2454629445536406e-5,1.5225529023537275e-5
2030-06-01,2.4767986254289044e-5,0.10350792695782893,3.033880175584418e-5,2.0220084762394457e-5
2030-07-01,5.066447941792938e-5,0.13553541993485368,6.608055214847998e-5,3.884485512351814e-5
2030-08-01,1.5140682650166125e-4,0.2289367960756785,2.3714850528391384e-4,9.666528188258888e-5
2030-09-01,2.4384059686225815e-4,0.26624894679307304,4.109052513693449e-4,1.44700600637245e-4
2030-10-01,1.2443565312390245e-4,0.2669472113462582,2.0997852721999207e-4,7.374197720774337e-5
2030-11-01,4.888744248767829e-5,0.24387776122957724,7.884792329655244e-5,3.031128700748612e-5
2030-12-01,2.9123190192828177e-5,0.1660569858664925,4.032640490473428e-5,2.103237838858455e-5
2031-01-01,3.333284731819847e-5,0.10716569347493736,4.112384304191935e-5,2.7017871583785585e-5
2031-02-01,5.1728953628212126e-5,0.09977104512239923,6.29014304240477e-5,4.254091879040495e-5
2031-03-01,3.027458765827978e-5,0.09898544095950233,3.675668573049471e-5,2.4935617552658233e-5
2031-04-01,1.4545470597912832e-5,0.11206517723115175,1.8118389073140935e-5,1.167712615402345e-5
2031-05-01,1.854073699309294e-5,0.09871205025389732,2.2498439007530016e-5,1.5279234622988386e-5
2031-06-01,2.4766091988308294e-5,0.1027154481787497,3.028939761286914e-5,2.0249967338827122e-5
2031-07-01,5.0593287620250494e-5,0.13345525213482884,6.571920563288596e-5,3.89487475932686e-5
2031-08-01,1.515902031256993e-4,0.23172897406819015,2.3873869730572347e-4,9.625414707806509e-5
2031-09-01,2.4389689893924169e-4,0.2672112913476265,4.117760862792829e-4,1.444612722649297e-4
2031-10-01,1.2403503065797487e-4,0.27084672496900397,2.1090833587518223e-4,7.29449064518227e-5
2031-11-01,4.850010200811589e-5,0.24656993623730342,7.863705108576886e-5,2.9912870107909488e-5
2031-12-01,2.9139040193960234e-5,0.16594179118892435,4.033924325607524e-5,2.1048576891619177e-5
2032-01-01,3.316666709980313e-5,0.10738199060907039,4.093617187616684e-5,2.6871780044230344e-5
2032-02-01,5.1355918556143324e-5,0.09976852292584278,6.244751811284913e-5,4.2234350546632075e-5
2032-03-01,3.0047297337121296e-5,0.09935539300550933,3.650719222227286e-5,2.473047151280394e-5
2032-04-01,1.4469535317330257e-5,0.11293024217528223,1.805438698067657e-5,1.1596486356670627e-5
2032-05-01,1.8548805762856488e-5,0.0986533354583728,2.2505640014700168e-5,1.528764323091666e-5
2032-06-01,2.4762479094644983e-5,0.10135464709607128,3.020431140958754e-5,2.0301087569839195e-5
2032-07-01,5.045199456408135e-5,0.12943012635103232,6.502067713824563e-5,3.9147604539431484e-5
2032-08-01,1.513100318683682e-4,0.22746466536223567,2.363140562502365e-4,9.688262351928415e-5
2032-09-01,2.435583442621169e-4,0.26142945842179666,4.065708713899367e-4,1.4590486243371375e-4
2032-10-01,1.246288187550899e-4,0.26507458694896685,2.0953400897544874e-4,7.412802599557472e-5
2032-11-01,4.98007452441252e-5,0.2376367948647318,7.934441551357184e-5,3.12575776230406e-5
2032-12-01,2.9516201024847928e-5,0.1632341291395987,4.0645096157879444e-5,2.1434470706015098e-5
2033-01-01,3.3711542653178126e-5,0.10676764664442072,4.1558616568354225e-5,2.734614869067702e-5
2033-02-01,5.2040981292820286e-5,0.09982166428909223,6.328712880014792e-5,4.2793278590216924e-5
2033-03-01,3.0375439617437698e-5,0.09883798142612076,3.686847383138542e-5,2.5025916075949823e-5
2033-04-01,1.4680410661205321e-5,0.1105901647246803,1.8233685223509898e-5,1.1819577586200391e-5
2033-05-01,1.8638974951728938e-5,0.098094291946743975,2.2590277804966757e-5,1.5378801015665067e-5
2033-06-01,2.476094216628522e-5,0.10083730127716499,3.0171827041147904e-5,2.03204219660274e-5
2033-07-01,5.0434895445461336e-5,0.12895289219026396,6.4937870487867e-5,3.917095924896209e-5
2033-08-01,1.5112222014667303e-4,0.2246118484901489,2.3470470215644767e-4,9.730493344286039e-5
2033-09-01,2.4358304820527857e-4,0.26185094105024387,4.0694815304187325e-4,1.4579916613325906e-4
2033-10-01,1.242904921022875e-4,0.2683577123791359,2.1031420363926956e-4,7.345260643225688e-5
2033-11-01,4.930148156503859e-5,0.2410299999848174,7.907311514369904e-5,3.073909608962113e-5
2033-12-01,2.9816758271747862e-5,0.1611221509577407,4.088936519014158e-5,2.1742550164368696e-5
2034-01-01,3.343199611040547e-5,0.10704880152653526,4.123671745326227e-5,2.7104445575547247e-5
2034-02-01,5.143556692492318e-5,0.09976369432867666,6.254377662564488e-5,4.230025252110323e-5
2034-03-01,3.000320117849469e-5,0.09943324188748608,3.645917844762688e-5,2.469041046139696e-5
2034-04-01,1.4537871017789917e-5,0.11215061956853953,1.8111955648887843e-5,1.1669070851709704e-5
2034-05-01,1.854567373175181e-5,0.09867595734005004,2.2502837586890757e-5,1.528438415095507e-5
2034-06-01,2.4764986710198843e-5,0.10227790969163075,3.0262082687089227e-5,2.0266436157019046e-5
2034-07-01,5.052461134509527e-5,0.13148103311496354,6.537653459491566e-5,3.904667580486066e-5
2034-08-01,1.5143332610991766e-4,0.22934003353329718,2.3737754775711618e-4,9.660581834039611e-5
2034-09-01,2.438368138481702e-4,0.2661842968749513,4.1084681318986286e-4,1.447166921558935e-4
2034-10-01,1.240771541432183e-4,0.27043571687282025,2.108100704407086e-4,7.30284855372216e-5
2034-11-01,4.8933281262143107e-05,0.24356096299846744,7.887286488282386e-5,3.0358552572387264e-5
2034-12-01,2.9305319610727927e-5,0.16474015479304785,4.0473998663088826e-5,2.121860418674467e-5
2035-01-01,3.318016701059723e-5,0.10736346238034046,4.095134703914953e-5,2.688369400397601e-5
2035-02-01,5.1481888523534524e-5,0.09976223273739424,6.259992267156007e-5,4.233846836928663e-5
2035-03-01,2.9971496086686712e-5,0.09949044124638301,3.6424734547222495e-5,2.4661554540903977e-5
2035-04-01,1.4430345163285282e-5,0.11338652646860886,1.8021597220098505e-5,1.1554739515502983e-5
2035-05-01,1.857401875487476e-5,0.09847905658962076,2.2528534686604323e-5,1.5313653440211364e-5
2035-06-01,2.476497050499613e-5,0.10227163257912149,3.026169056868817e-5,2.0266672237667874e-5
2035-07-01,5.0536052191233925e-5,0.13180763478426472,6.543321149084023e-5,3.9030524604965016e-5
2035-08-01,1.513352743114226e-4,0.22784845517671423,2.3653133817279017e-4,9.68259234815767e-5
2035-09-01,2.4374100342529887e-4,0.26454742663041125,4.093699033041657e-4,1.4512468129985998e-4
2035-10-01,1.2467919399107596e-4,0.26458704456989496,2.0941849066421158e-4,7.422888668980786e-5
2035-11-01,4.887877252658335e-5,0.24393772324783264,7.884320553026768e-5,3.0302349931577773e-5
2035-12-01,2.9260092682516082e-5,0.16506575526053344,4.043733304145252e-5,2.1172341482357016e-5
2036-01-01,3.311181608983007e-5,0.10745901950196743,4.087464231476343e-5,2.6823289518321383e-5
2036-02-01,5.1746196676275e-5,0.09977269799485877,6.292260149038021e-5,4.2554961286352785e-5
2036-03-01,2.9928131864471967e-5,0.09957033879407448,3.637772974199595e-5,2.4622016911165216e-5
2036-04-01,1.4457761867295082e-5,0.11306661669627165,1.8044519186899133e-5,1.1583953889066306e-5
2036-05-01,1.85609940377022e-5,0.09856734753869263,2.2516633103966736e-5,1.5300267054887728e-5
2036-06-01,2.476647270936906e-5,0.10287042988185895,3.0299065613712372e-5,2.024412826071862e-5
2036-07-01,5.052073066019056e-5,0.13137046262851038,6.535734750767759e-5,3.90521391055488e-5
2036-08-01,1.5117988623833308e-4,0.2254872668268119,2.3519747263159852e-4,9.717518537639567e-5
2036-09-01,2.4361478619325407e-4,0.2623925319712296,4.074334454593419e-4,1.456634567274555e-4
2036-10-01,1.2478306306615852e-4,0.26358284506766844,2.0918083360930046e-4,7.443709138885752e-5
2036-11-01,5.00206431864966e-5,0.23615626634963716,7.94638392512874e-5,3.1486834368505205e-5
2036-12-01,3.017831028023799e-5,0.15863491655332174,4.118392046304118e-5,2.2113737622128904e-5
2037-01-01,3.397510974796937e-5,0.10656717098977277,4.18670803139975e-5,2.7570780520862862e-5
2037-02-01,5.281931340294952e-5,0.10013460239831784,6.42730702058416e-5,4.3406668756045174e-5
2037-03-01,3.082463903043235e-5,0.09830401558839359,3.737455813810175e-5,2.5422598117295412e-5
2037-04-01,1.4832073015064833e-5,0.10902801538743002,1.836573759922598e-5,1.1978304096726603e-5
2037-05-01,1.8705869004814788e-5,0.09779482653665594,2.265804972768433e-5,1.5443056195510062e-5
2037-06-01,2.4761402560224852e-5,0.10098835711655337,3.0181322487403973e-5,2.0314784317532655e-5
2037-07-01,5.030105465497298e-5,0.1252967548036995,6.430308984055016e-5,3.934797076900359e-5
2037-08-01,1.5095060662640523e-4,0.22200944555749447,2.3324541631729775e-4,9.769146164005406e-5
2037-09-01,2.435355978126721e-4,0.2610414328440065,4.0622383786188067e-4,1.4600223294168515e-4
2037-10-01,1.251158662798727e-4,0.26037505309041603,2.0842418255193244e-4,7.510635187959788e-5
2037-11-01,4.96955451136059e-5,0.23834810163032238,7.928726893906807e-5,3.114809271632691e-5
2037-12-01,2.9953724636002508e-5,0.16017308073510117,4.100085486583078e-5,2.188309542582713e-5
2038-01-01,3.387560124794143e-5,0.1066355619817534,4.1750053366823274e-5,2.748634474372764e-5
2038-02-01,5.2366075799857086e-5,0.09992042510324273,6.369480508777747e-5,4.305226919051498e-5
2038-03-01,3.052041029569087e-5,0.09864383633959806,3.7030339719529454e-5,2.5154925708824947e-5
2038-04-01,1.4735375488464554e-5,0.11001228635706535,1.8281236023119936e-5,1.1877276269035647e-5
2038-05-01,1.8688388612180306e-5,0.09786360750622329,2.2639927972110607e-5,1.5426545055713408e-5
2038-06-01,2.4760106977153444e-5,0.1005718944974772,3.0155118650590697e-5,2.033030957774307e-5
2038-07-01,5.039193369503205e-5,0.12776373841752353,6.473150636722774e-5,3.922891840518215e-5
2038-08-01,1.5110195597774263e-4,0.2243043333486514,2.3453182840464152e-4,9.73505440843944e-5
2038-09-01,2.4352610072363615e-4,0.2608794415570306,4.0607904471177497e-4,1.460429010212822e-4
2038-10-01,1.2490455121449276e-4,0.2624101346661987,2.0890377082900604e-4,7.468102108536781e-5
2038-11-01,5.008921491572513e-5,0.23569632514845804,7.950107241486237e-5,3.155843530992002e-5
2038-12-01,2.9861060398119063e-5,0.16081425771704153,4.092541439542375e-5,2.1787999981738043e-5
2039-01-01,3.3670784331171226e-5,0.10680421829205206,4.1511346330117535e-5,2.7311128587841103e-5
2039-02-01,5.224945189892221e-5,0.09987965495320753,6.354787281945776e-5,4.295982072435135e-5
2039-03-01,3.0422850194747297e-5,0.0987721824171159,3.6921256966851614e-5,2.506820975252837e-5
2039-04-01,1.4518614044253231e-5,0.11236825579807877,1.809568179067509e-5,1.1648643925348516e-5
2039-05-01,1.8656536716650153e-5,0.09800616837035414,2.2607657331675123e-5,1.5395950016105677e-5
2039-06-01,2.4762331853949652e-5,0.10130347213469239,3.0201102400284417e-5,2.0303003205583485e-5
2039-07-01,5.0452164604170305e-5,0.1294348832474076,6.502150250591661e-5,3.914737148706576e-5
2039-08-01,1.5119946546894052e-4,0.22578460101255543,2.3536505784950434e-4,9.7131148382744e-5
2039-09-01,2.4362427645794867e-4,0.26255449924840357,4.075786851564781e-4,1.456228950168779e-4
2039-10-01,1.2478149134444012e-4,0.2635980296413993,2.0918442444914067e-4,7.443393848822738e-5
2039-11-01,4.970453900643499e-5,0.23828721326533764,7.929215495272102e-5,3.115744803903122e-5
2039-12-01,2.9252860011521403e-5,0.16511791078777183,4.043147040765601e-5,2.1164944292791018e-5
2040-01-01,3.325458309344444e-5,0.10726437035117188,4.103522158166247e-5,2.6949222012072255e-5
2040-02-01,5.1846117432905005e-5,0.09978492258698703,6.304561420397122e-5,4.2636112389515896e-5
2040-03-01,2.9969311634367685e-5,0.0994944200453183,3.642236379168832e-5,2.465956479306839e-5
2040-04-01,1.4581788203698665e-5,0.11166034419864923,1.8149221031318904e-5,1.1715574285563362e-5
2040-05-01,1.8549125695509124e-5,0.09865103675670805,2.250592679576338e-5,1.5287975793672543e-5
2040-06-01,2.4766201027458406e-5,0.10275961276872542,3.0292153023733578e-5,2.024830367296498e-5
2040-07-01,5.050978053671538e-5,0.1310590472201354,6.530330999672937e-5,3.9067513269923495e-5
2040-08-01,1.512571241129489e-4,0.22666052237481316,2.35859389729015e-4,9.700151272843526e-5
2040-09-01,2.4373206328883186e-4,0.2643947372787525,4.0923239832244007e-4,1.4516279482892954e-4
2040-10-01,1.245789680832413e-4,0.26555738487805614,2.096484899741439e-4,7.402829035686991e-5
2040-11-01,4.9996941186184416e-5,0.2363154381461483,7.945096874485791e-5,3.146209753592922e-5
2040-12-01,2.9463997553478016e-5,0.16360508143593708,4.060271984917751e-5,2.138100982042818e-5
2041-01-01,3.3487665876491e-5,0.10698712872494699,4.130039072370686e-5,2.7152860934358916e-5
2041-02-01,5.226750661307446e-5,0.09988557768510202,6.357056964294522e-5,4.297416655052667e-5
2041-03-01,3.0505864555425575e-5,0.0986623714725227,3.701403606150608e-5,2.5142023710345537e-5
2041-04-01,1.4790501406425217e-5,0.10944610090985185,1.8329275499051144e-5,1.1934947012215015e-5
2041-05-01,1.8709906273763e-5,0.09777989295467396,2.266227666135261e-5,1.5446841374502148e-5
2041-06-01,2.4762898911311704e-5,0.1015024216825771,3.021357322313001e-5,2.029555253075482e-5
2041-07-01,5.038884862676994e-5,0.1276788996201741,6.471678114646814e-5,3.923304003926191e-5
2041-08-01,1.512233637689563e-4,0.22614759703000753,2.355698009584754e-4,9.707740829491633e-5
2041-09-01,2.4363750123382376e-4,0.2627802184324327,4.0778117635633786e-4,1.4556638572151906e-4
2041-10-01,1.2461150187178437e-4,0.2652422614808194,2.0957375815422205e-4,7.409337187776576e-5
2041-11-01,5.016350953962548e-5,0.23519892798608066,7.95414094492535e-5,3.163607115784787e-5
2041-12-01,2.9752061719541847e-5,0.16157335474664078,4.0836741632770936e-5,2.167619504326658e-5
2042-01-01,3.401773768453073e-5,0.10654056298752695,4.191742403756815e-5,2.7606812769229455e-5
2042-02-01,5.2381242821151294e-5,0.09992616302858197,6.371396984425745e-5,4.306425429455032e-5
2042-03-01,3.0485131369802362e-5,0.09868915444798504,3.699082139242001e-5,2.512361714748364e-5
2042-04-01,1.4680158348591804e-5,0.11059284811829305,1.8233467738457497e-5,1.1819312279539041e-5
2042-05-01,1.8652366672418838e-5,0.09802648047571795,2.260350401330646e-5,1.5391895976727736e-5
2042-06-01,2.4761143989640106e-5,0.10090310545978577,3.0175964698171486e-5,2.0317966892135247e-5
2042-07-01,5.039776817734076e-5,0.1279243903983929,6.475938920421617e-5,3.922110860631184e-5
2042-08-01,1.510874804086232e-4,0.22408469793858463,2.3440842912240538e-4,9.738313089545887e-5
2042-09-01,2.4353222884210718e-4,0.2609839673620866,4.0617246759582344e-4,1.4601665847971992e-4
2042-10-01,1.2496686257265304e-4,0.26180941781872435,2.0876204479082278e-4,7.480630282626386e-5
2042-11-01,5.063093214851955e-5,0.23209164547287334,7.979511778388354e-5,3.212591648991521e-5
2042-12-01,2.9724362064989527e-5,0.16176710763028074,4.081421844799896e-5,2.1647791719846263e-5
2043-01-01,3.3888521733087165e-5,0.10662618377456921,4.176520953958874e-5,2.749733373575766e-5
2043-02-01,5.232935536152931e-5,0.09990694776461763,6.364845931987671e-5,4.302321630113765e-5
2043-03-01,3.008859676040505e-5,0.09928427749608033,3.6552275399776875e-5,2.476791513274119e-5
2043-04-01,1.4659899063533821e-5,0.11080922351961102,1.8216028428101195e-5,1.1797996550195432e-5
2043-05-01,1.8656065696552706e-5,0.09800844356925763,2.260718737198712e-5,1.5395492661124343e-5
2043-06-01,2.4761682932907747e-5,0.1010819937351012,3.0187203911620927e-5,2.0311286314060337e-5
2043-07-01,5.041609357929425e-5,0.12843070941047807,6.484725825430783e-5,3.91964527139789e-5
2043-08-01,1.510369578606389e-4,0.22331836465246185,2.33978342026139e-4,9.749689839774976e-5
2043-09-01,2.4340747524920876e-4,0.258856912229548,4.0427544485466125e-4,1.465515646850473e-4
2043-10-01,1.2552373726735673e-4,0.25646408639894996,2.075068791396228e-4,7.593101820476371e-5
2043-11-01,5.117003864773833e-5,0.22855474313151206,8.008763516142727e-5,3.2693846558627385e-5
2043-12-01,3.0398167020460524e-5,0.15715076487454221,4.1363457020243634e-5,2.2339732333097217e-5
2044-01-01,3.394396835713112e-5,0.10658762736457171,4.1830382322594107e-5,2.754440490034865e-5
2044-02-01,5.226404053527754e-5,0.09988442958372049,6.356621096973347e-5,4.297141345067318e-5
2044-03-01,3.067131974378462e-5,0.09846389602901556,3.720031555347566e-5,2.5288222447284567e-5
2044-04-01,1.4815657106131336e-5,0.10919219616590047,1.835131508401608e-5,1.1961197030377771e-5
2044-05-01,1.8735887337183815e-5,0.0976923314005432,2.2689851708111545e-5,1.5470946166922347e-5
2044-06-01,2.47601989868525e-5,0.10060058654452872,3.0156926578070944e-5,2.0329241850339375e-5
2044-07-01,5.0346701009695694e-5,0.1265274478654847,6.451687991529871e-5,3.928879241971256e-5
2044-08-01,1.5106231552998442e-4,0.22370294716377603,2.341940894731736e-4,9.743979117754178e-5
2044-09-01,2.4342254846396609e-4,0.2591138168282681,4.045041098570597e-4,1.4648686047128372e-4
2044-10-01,1.2493073262019152e-4,0.2621576676125352,2.088441903436011e-4,7.473364677915735e-5
2044-11-01,5.0373155390859495e-5,0.23380056513714703,7.965521512368722e-5,3.18554758792825e-5
2044-12-01,2.9861707981373848e-5,0.16080976359409446,4.092594142933434e-5,2.178866441238882e-5
2045-01-01,3.3709291543219896e-5,0.10676962737078438,4.155600279436939e-5,2.734421647742696e-5
2045-02-01,5.2045356786091564e-5,0.09982268385508056,6.329257632575569e-5,4.279679103360036e-5
2045-03-01,3.0218079176107535e-5,0.09907253619673205,3.669434163986694e-5,2.488482605997819e-5
2045-04-01,1.4700619738321732e-5,0.11037614733402161,1.8251128262863338e-5,1.1840814309023449e-5
2045-05-01,1.864119758997976e-5,0.09808276475563905,2.2592461179570057e-5,1.5380982391723652e-5
2045-06-01,2.4762449291656828e-5,0.10134426133717614,3.0203660222452594e-5,2.030147639080031e-5
2045-07-01,5.040709033781039e-5,0.1281816288443425,6.480403299659394e-5,3.920858994158163e-5
2045-08-01,1.5112890613518058e-4,0.2247133232706039,2.347617732826775e-4,9.728988646765144e-5
2045-09-01,2.43538278469697e-4,0.2610871584696505,4.0626471798585077e-4,1.4599075542181178e-4
2045-10-01,1.2467296421628056e-4,0.26464731936028724,2.0943276739911494e-4,7.421640939716512e-5
2045-11-01,5.0395538210886084e-5,0.2336517217063991,7.966736414165788e-5,3.1878929332329586e-5
2045-12-01,3.0088796088228986e-5,0.15924530895279082,4.111091611029494e-5,2.202178242903011e-5
2046-01-01,3.353603124886001e-5,0.10693585035357063,4.135588310607262e-5,2.7194810204871954e-5
2046-02-01,5.1892002567020487e-5,0.09979204361967951,6.310229190459001e-5,4.2673250830367865e-5
2046-03-01,3.0093995878921152e-5,0.09927510869021926,3.6558177377465605e-5,2.4772804689075213e-5
2046-04-01,1.463517887347019e-5,0.11107568651611399,1.8194811807979684e-5,1.1771952516954954e-5
2046-05-01,1.8592928137880287e-5,0.0983574952941509,2.2546097510201137e-5,1.53328963730405e-5
2046-06-01,2.476234048641218e-5,0.101306463049613,3.0201289974050374e-5,2.0302891263646696e-5
2046-07-01,5.0446625170761253e-5,0.12928002888444665,6.499463361002558e-5,3.915495556738906e-5
2046-08-01,1.512059673118032e-4,0.2258833510278773,2.3542074024283225e-4,9.711652646710343e-5
2046-09-01,2.4359948353782263e-4,0.2621313870651893,4.071993766265776e-4,1.4572887825000858e-4
2046-10-01,1.250630346496789e-4,0.2608832879968914,2.0854380849802282e-4,7.499988970391837e-5
2046-11-01,5.0292908877641814e-5,0.23433491318022626,7.961165648739581e-5,3.1771436432493224e-5
2046-12-01,3.0236694908584895e-5,0.15823870623161265,4.1231565429012096e-5,2.21737329029845e-5
2047-01-01,3.386887652661302e-5,0.1066405020167931,4.174216963569575e-5,2.7480622286437574e-5
2047-02-01,5.229872520619789e-5,0.0998961554514747,6.360985815784128e-5,4.299894289036757e-5
2047-03-01,3.058483224058416e-5,0.09856426808642321,3.7102715948993767e-5,2.521195387611631e-5
2047-04-01,1.4765082922238403e-5,0.10970550049314137,1.830708076907206e-5,1.190837995694419e-5
2047-05-01,1.8699476101252618e-5,0.09781920408881495,2.2651388387376968e-5,1.543704078890723e-5
2047-06-01,2.475824309007727e-5,0.10002006409985317,3.01202533227059e-5,2.0350778406145608e-5
2047-07-01,5.041459164621258e-5,0.12838911376246906,6.484003994614163e-5,3.919848064506953e-5
2047-08-01,1.5101603378131934e-4,0.22300109422066627,2.3380049350429572e-4,9.754403045612716e-5
2047-09-01,2.4334238154536918e-4,0.25774777381823005,4.0328966114196554e-4,1.468312242086639e-4
2047-10-01,1.249902088663459e-4,0.26158448050843575,2.0870901037425694e-4,7.485327195236285e-5
2047-11-01,5.0812167369864e-5,0.23089704093990499,7.989346353093361e-5,3.2316490470129714e-5
2047-12-01,3.0705516705975375e-5,0.15511168036857084,4.161502288979246e-5,2.2655971106342813e-5
2048-01-01,3.417170106615309e-5,0.10645780320556184,4.210031158021668e-5,2.7736259184914057e-5
2048-02-01,5.256389947771091e-5,0.10000308478325148,6.394578459017012e-5,4.320790722970699e-5
2048-03-01,3.036155491812983e-5,0.09885767709123378,3.68530437769347e-5,2.501351103117181e-5
2048-04-01,1.4899274620314339e-5,0.10836836542305991,1.8425112148152968e-5,1.2048142905539726e-5
2048-05-01,1.873075866399869e-5,0.09770844549558208,2.2684357138364646e-5,1.546622273617822e-5
2048-06-01,2.476009067567753e-5,0.10056682524869145,3.0154799185805576e-5,2.0330498190031163e-5
2048-07-01,5.0380895070886145e-5,0.1274605253259197,6.467887665331536e-5,3.9243640574477004e-5
2048-08-01,1.5099859209452248e-4,0.22273667640835326,2.3365236677154534e-4,9.758332487520384e-5
2048-09-01,2.433111507981246e-4,0.257215807583574,4.0281768420832317e-4,1.469655340952992e-4
2048-10-01,1.25384896436261e-4,0.25779285981616606,2.0781789327037044e-4,7.564975280486767e-5
2048-11-01,5.083408000044989e-5,0.23075298863779797,7.990535354028953e-5,3.23395564252049e-5
2048-12-01,3.1078360180366445e-5,0.15269365486908915,4.192118578218415e-5,2.3040008374740777e-5
2049-01-01,3.438087308113678e-5,0.10637852043228715,4.235143457174949e-5,2.7910375310160515e-5
2049-02-01,5.301757259433735e-5,0.10025565063135541,6.452962961642927e-5,4.355926138897571e-5
2049-03-01,3.090268677683626e-5,0.09823143260920013,3.7463860142022986e-5,2.5490594039348858e-5
2049-04-01,1.5011000711582132e-5,0.1073160812804998,1.8525030773935503e-5,1.2163550231730577e-5
2049-05-01,1.8790310240659055e-5,0.09755674553521515,2.2749713353768402e-5,1.552000912933397e-5
2049-06-01,2.4756517199672668e-5,0.0995595949143577,3.009098368648859e-5,2.0367733745204396e-5
2049-07-01,5.0263409633323426e-5,0.12429498045199418,6.412892635982589e-5,3.939579985779961e-5
2049-08-01,1.508644044565732e-4,0.2207039096591942,2.3251648194171426e-4,9.788582874629013e-5
2049-09-01,2.433590478100737e-4,0.2580317046093207,4.035417923150122e-4,1.467595854478306e-4
2049-10-01,1.2536218979746503e-4,0.25801042274745967,2.0786887963454253e-4,7.560380687309049e-5
2049-11-01,5.115681403745581e-5,0.2286409088185677,8.008046018633166e-5,3.2679877417956145e-5
2049-12-01,3.09018598466886e-5,0.15383075091188375,4.177610991848813e-5,2.2858158498902754e-5
2050-01-01,3.432638498317088e-5,0.10639552286529712,4.22857235672772e-5,2.7865213282638185e-5
2050-02-01,5.2738639538760175e-5,0.10009006959907732,6.416930116809658e-5,4.334415444408961e-5
2050-03-01,3.0786577848893714e-5,0.09834156102623584,3.7331156410081724e-5,2.5389338739852825e-5
2050-04-01,1.495802665209488e-5,0.10780808808124787,1.847746549377365e-5,1.2108942181500773e-5
2050-05-01,1.8719081624180266e-5,0.0977472819315805,2.26719410743295e-5,1.545540435659791e-5
2050-06-01,2.4756945584708737e-5,0.09966931710697059,3.009797641810258e-5,2.036370638909777e-5
2050-07-01,5.030488480855211e-5,0.12539935451264406,6.432091951594415e-5,3.934305440043352e-5
2050-08-01,1.5074272127014218e-4,0.2188629924442015,2.3149216215789196e-4,9.816042065575003e-5
2050-09-01,2.4330290353182337e-4,0.25707534794268855,4.026931532665786e-4,1.4700101649810874e-4
2050-10-01,1.253444613297016e-4,0.2581803361642957,2.079087116090541e-4,7.556794452930879e-5
2050-11-01,5.129330502937571e-5,0.22775303048329715,8.01545124198749e-5,3.2824142539281454e-5
2050-12-01,3.108276882260973e-5,0.15266542631789387,4.192481286238586e-5,2.3044551703809758e-5
2051-01-01,3.46497687811468e-5,0.10633180395732779,4.267876067417699e-5,2.813124040205246e-5
2051-02-01,5.3423356869602615e-5,0.10055395644665717,6.506155355305045e-5,4.386699830168908e-5
2051-03-01,3.118909162810441e-5,0.09801536980979367,3.7795064722491336e-5,2.5737737022776327e-5
2051-04-01,1.5001329789348891e-5,0.10740496891681611,1.8516321546167083e-5,1.2153596214437643e-5
2051-05-01,1.8807648447121463e-5,0.09752711389686212,2.2769382544217174e-5,1.5535231990748382e-5
2051-06-01,2.4754887524005264e-5,0.09917001205668477,3.0066036189316856e-5,2.038195033317677e-5
2051-07-01,5.0294000357037225e-5,0.1251081126722563,6.427030427096465e-5,3.9357001660507224e-5
2051-08-01,1.509021648577389e-4,0.22127565224758963,2.3283545220881204e-4,9.780067057112187e-5
2051-09-01,2.432798845932345e-4,0.2566833544531909,4.023458104022636e-4,1.4710008335497385e-4
2051-10-01,1.2550172114146886e-4,0.2566746161152052,2.0755611157390676e-4,7.58863802661985e-5
2051-11-01,5.1386408153466664e-5,0.22714921361760976,8.020502456698584e-5,3.292266235401889e-5
2051-12-01,3.1171794895598336e-5,0.15209720373405067,4.199809228703308e-5,2.3136307963046625e-5
2052-01-01,3.456113026279363e-5,0.10634041343570846,4.257030132252005e-5,2.805880362443909e-5
2052-02-01,5.3016990822701116e-5,0.10025527145865511,6.452887356437192e-5,4.355881577710185e-5
2052-03-01,3.103924485195158e-5,0.09811860579329215,3.762109138248296e-5,2.5608898773946648e-5
2052-04-01,1.5130902007563836e-5,0.10624870967645189,1.863397661651403e-5,1.2286384182730034e-5
2052-05-01,1.881261628732192e-5,0.0975198286425643,2.2775071624510388e-5,1.553955734624911e-5
2052-06-01,2.475332366423543e-5,0.0988379587731848,3.004457669513981e-5,2.0393931278969094e-5
2052-07-01,5.020030919886789e-5,0.12264353828043366,6.384144075142799e-5,3.947390619635369e-5
2052-08-01,1.506442663991671e-4,0.21737525149093886,2.3066736598951682e-4,9.838277253304477e-5
2052-09-01,2.4306291228531437e-4,0.252991715122911,3.9908884838860527e-4,1.4803615677852982e-4
2052-10-01,1.2627138947761697e-4,0.24935419431884287,2.0585410634893392e-4,7.745516513321966e-5
2052-11-01,5.233376731666204e-5,0.22108846177660593,8.071909742287796e-5,3.393030012719478e-5
2052-12-01,3.2024063374423246e-5,0.14683143570795656,4.2703343302093656e-5,2.401546473198028e-5
2053-01-01,3.4939915977802476e-5,0.10634959912575855,4.3037641402874065e-5,2.8365813941987337e-5
2053-02-01,5.329998792031115e-5,0.1004561683019019,6.48988688481347e-5,4.3774086709478395e-5
2053-03-01,3.142591151895437e-5,0.09789552876643144,3.8073100022230745e-5,2.5939256698837232e-5
2053-04-01,1.5195299056874487e-5,0.10570196998068483,1.869324013883978e-5,1.2351904309414258e-5
2053-05-01,1.8858909326901847e-5,0.09747767452465277,2.2829228977642654e-5,1.5579083347432032e-5
2053-06-01,2.4753441138773787e-5,0.09886147019149942,3.0046103845022272e-5,2.0393088280970238e-5
2053-07-01,5.016807375984061e-5,0.12181373161964348,6.369676379687812e-5,3.9512770739793254e-5
2053-08-01,1.5039759765077794e-4,0.21365517696347586,2.286166504151402e-4,9.894046360162798e-5
2053-09-01,2.4312686940854473e-4,0.25407928620447323,4.000457055230141e-4,1.4775980297331037e-4
2053-10-01,1.2591011940651017e-4,0.25278010271141477,2.066480936042473e-4,7.67166920945445e-5
2053-11-01,5.143513630432679e-5,0.22683377687419198,8.023146160478167e-5,3.297426213767248e-5
2053-12-01,3.0854699778130454e-5,0.1541368807995469,4.1737389927292695e-5,2.2809583925995055e-5
2054-01-01,3.4622586970212684e-5,0.10633373893665975,4.264544207029015e-5,2.8109065595665555e-5
2054-02-01,5.295741048523484e-5,0.10021718410850729,6.445154464198471e-5,4.351311269388532e-5
2054-03-01,3.092506701222683e-5,0.09821170903107256,3.7489542780618594e-5,2.5510040901462808e-5
2054-04-01,1.4961675695612509e-5,0.10777379609339156,1.848073093803542e-5,1.2112710280304447e-5
2054-05-01,1.884563483405863e-5,0.0974850167762342,2.28134881408545e-5,1.5567893436807042e-5
2054-06-01,2.4757291834654475e-5,0.0997602136086435,3.010376008973732e-5,2.0360363527983372e-5
2054-07-01,5.0279196899270174e-5,0.12471362044931882,6.420172677280935e-5,3.937585121006799e-5
2054-08-01,1.5063900487230326e-4,0.21729579065269766,2.3062338867776725e-4,9.839465944464024e-5
2054-09-01,2.4308506051299553e-4,0.25336827927841465,3.9941990329966275e-4,1.4794041597940717e-4
2054-10-01,1.2588251912688773e-4,0.25304257855511153,2.0670910976035262e-4,7.666042701312354e-5
2054-11-01,5.18703231690132e-5,0.22403447804817808,8.046758203553813e-5,3.343620322118797e-5
2054-12-01,3.1549768817130854e-5,0.14972308484306365,4.231000181988289e-5,2.3526066405098483e-5
2055-01-01,3.500960824355582e-5,0.10636422764575239,4.3124722098822166e-5,2.8421578382779368e-5
2055-02-01,5.355180245150557e-5,0.10066226113883932,6.523182656841137e-5,4.396313420409131e-5
2055-03-01,3.140301376169337e-5,0.09790482110618592,3.804605187204279e-5,2.591988458181519e-5
2055-04-01,1.5075502678897877e-5,0.10673389979420295,1.858341527081934e-5,1.2229763889435845e-5
2055-05-01,1.8823397827403035e-5,0.09750586180659626,2.27875002376749e-5,1.5548888736065858e-5
2055-06-01,2.4753267765728944e-5,0.09882685316565416,3.0043854876379017e-5,2.039432914328213e-5
2055-07-01,5.016290522286976e-5,0.12168157542515123,6.367370618371776e-5,3.951893507091112e-5
2055-08-01,1.5063526183301798e-4,0.21723926522533,2.305921095294491e-4,9.840311602077608e-5
2055-09-01,2.4299984364967693e-4,0.25191977291487866,3.981479041969029e-4,1.483090163010503e-4
2055-10-01,1.2579506018799106e-4,0.253874997794287,2.0690279052765461e-4,7.648228004728242e-5
2055-11-01,5.176944314975602e-5,0.22468053031008253,8.041284394851193e-5,3.33289448853701e-5
2055-12-01,3.185985724664553e-5,0.1478215697176612,4.2566906151789094e-5,2.384600140205325e-5
2056-01-01,3.452699138128869e-5,0.10634550348579351,4.252867540670959e-5,2.8030807977045727e-5
2056-02-01,5.321708643372724e-5,0.1003939205251386,6.479002151780678e-5,4.3711334278789174e-5
2056-03-01,3.117968330129373e-5,0.09802122264232689,3.778409711455142e-5,2.5729677960058268e-5
2056-04-01,1.5019455907190755e-5,0.1072387092991401,1.853265463217231e-5,1.2172247323728676e-5
2056-05-01,1.8841641366888047e-5,0.09748797123695221,2.280878594876017e-5,1.5564504406150744e-5
2056-06-01,2.4755681775441745e-5,0.09935435988371874,3.0077866671002807e-5,2.0375240932820658e-5
2056-07-01,5.027367381245526e-5,0.12456691745242282,6.417621857238083e-5,3.9382848270354014e-5
2056-08-01,1.5085068194976498e-4,0.22049618760043888,2.324006946512245e-4,9.791678238681739e-5
2056-09-01,2.4321501110140256e-4,0.2555789592478252,4.013687703800445e-4,1.473795322168304e-4
2056-10-01,1.256831677457883e-4,0.2549415048908952,2.0715132152683473e-4,7.625468444124644e-5
2056-11-01,5.1101574347355656e-5,0.22900114943350966,8.005048985369928e-5,3.26215480448761e-5
2056-12-01,3.100521163181234e-5,0.15316326190458052,4.186102909158077e-5,2.296463248025634e-5
2057-01-01,3.4374188197763634e-5,0.10638046870355786,4.23433616159171e-5,2.7904841967273292e-5
2057-02-01,5.311804409807341e-5,0.10032323337479927,6.466048166478443e-5,4.363602831529074e-5
2057-03-01,3.127964655519292e-5,0.09796331916891889,3.790093271946909e-5,2.581509789903391e-5
2057-04-01,1.4890329004004912e-5,0.10845501925217356,1.8417177332761373e-5,1.2038864253812673e-5
2057-05-01,1.8857836554647964e-5,0.09747812645837708,2.282795057805666e-5,1.5578183346149978e-5
2057-06-01,2.475713166489835e-5,0.09971792097354192,3.0101070042053983e-5,2.036191960673866e-5
2057-07-01,5.0292212586257814e-5,0.12506037198755793,6.426200630364888e-5,3.935928540528202e-5
2057-08-01,1.5082956008337213e-4,0.22017651672650754,2.3222260847740347e-4,9.796443311055659e-5
2057-09-01,2.4317194458396327e-4,0.25484608897502997,4.007216787551828e-4,1.475652498173743e-4
2057-10-01,1.25528482900507e-4,0.2564187148338095,2.074962711770402e-4,7.594064187234638e-5
2057-11-01,5.083645150618261e-5,0.23073740346199298,7.990664033478199e-5,3.234205306233524e-5
2057-12-01,3.099397377155329e-5,0.15323561475264966,4.185179118073965e-5,2.2953053693764413e-5
2058-01-01,3.4793688550209766e-5,0.10633188586729389,4.2856036194204275e-5,2.8248080560766287e-5
2058-02-01,5.3454613851262986e-5,0.10057970497943299,6.510290529392167e-5,4.3890448960569156e-5
2058-03-01,3.111923519089753e-5,0.09806083292686237,3.7713772853491304e-5,2.56778021819354e-5
2058-04-01,1.5056481532362691e-5,0.10690365024519154,1.8566144232195646e-5,1.221027011851288e-5
2058-05-01,1.8789095730499305e-5,0.09755906640096719,2.274834640755999e-5,1.551893540062078e-5
2058-06-01,2.4755702399404813e-5,0.09935928690623119,3.0078182191402948e-5,2.0375061145253076e-5
2058-07-01,5.020454450672182e-5,0.1227532698523422,6.386056019812313e-5,3.9468746927802394e-5
2058-08-01,1.5064589668671759e-4,0.2173998734320061,2.3068099446171047e-4,9.837908944992032e-5
2058-09-01,2.4307688643850049e-4,0.2532292962763911,3.9929768607289685e-4,1.479757453687039e-4
2058-10-01,1.2568684558661978e-4,0.25490642209582276,2.0714313922966742e-4,7.626215964604008e-5
2058-11-01,5.124760322200674e-5,0.22804996820325935,8.012971733499043e-5,3.277581555692567e-5
2058-12-01,3.129153878257345e-5,0.1513383590188789,4.209676589927789e-5,2.32597535336579e-5
2059-01-01,3.492701034389428e-5,0.10634732667998799,4.302155312244525e-5,2.8355462855804067e-5
2059-02-01,5.333717598806589e-5,0.1004849982435684,6.4947819482417e-5,4.380215325245963e-5
2059-03-01,3.126473970014255e-5,0.0979713552311828,3.788346706204398e-5,2.5802388860470108e-5
2059-04-01,1.5054699612406451e-5,0.10691963539245664,1.8564528581135866e-5,1.2208442537565572e-5
2059-05-01,1.8881331135161244e-5,0.09747391045012309,2.2856202569650554e-5,1.559772076525921e-5
2059-06-01,2.4752581751793486e-5,0.09869487101513448,3.0035251564174954e-5,2.039904017684395e-5
2059-07-01,5.0118646271511957e-5,0.1205602042160936,6.347785596886862e-5,3.957094431987175e-5
2059-08-01,1.5048203541179276e-4,0.21492739159979282,2.2931609942037804e-4,9.874946869806967e-5
2059-09-01,2.428814747449683e-4,0.24990935560829128,3.963889408452162e-4,1.4882203990985185e-4
2059-10-01,1.262742650774998e-4,0.24932699798469132,2.0584782132712293e-4,7.746105797021479e-5
2059-11-01,5.202462890686798e-5,0.22304959145591335,8.055131530426164e-5,3.3600469497909365e-5
2059-12-01,3.259702616671758e-5,0.14346736538653238,4.3181713131515806e-5,2.4606854102278904e-5
2060-01-01,3.259702616671758e-5,0.14346736538653238,NA,NA
